Author name,Document index,Paragraph index,Sentence index,Word 1,Word 2,Word 3,Word 4,Word 5,Word 6,Word 7,Word 8,Word 9,Word 10,Word 11,Word 12,Word 13,Word 14,Word 15,Word 16,Word 17,Word 18,Word 19,Word 20,Word 21,Word 22,Word 23,Word 24,Word 25,Word 26,Word 27,Word 28,Word 29,Word 30,Word 31,Word 32,Word 33,Word 34,Word 35,Word 36,Word 37,Word 38,Word 39,Word 40,Word 41,Word 42,Word 43,Word 44,Word 45,Word 46,Word 47,Word 48,Word 49,Word 50,Word 51,Word 52,Word 53,Word 54,Word 55,Word 56,Word 57,Word 58,Word 59,Word 60,Word 61,Word 62,Word 63,Word 64,Word 65,Word 66,Word 67,Word 68
Bush,0,0,0,Mr,.,Chief,Justice,",",Mr,.,President,",",Vice,President,Quayle,",",Senator,Mitchell,",",Speaker,Wright,",",Senator,Dole,",",Congressman,Michael,",",and,fellow,citizens,",",neighbors,",",and,friends,:,,,,,,,,,,,,,,,,,,,,,,,,,,,,,,,,,,
Bush,0,1,0,There,is,a,man,here,who,has,earned,a,lasting,place,in,our,hearts,and,in,our,history,.,,,,,,,,,,,,,,,,,,,,,,,,,,,,,,,,,,,,,,,,,,,,,,,,,
Bush,0,1,1,President,Reagan,",",on,behalf,of,our,Nation,",",I,thank,you,for,the,wonderful,things,that,you,have,done,for,America,.,,,,,,,,,,,,,,,,,,,,,,,,,,,,,,,,,,,,,,,,,,,,,
Bush,0,2,0,I,have,just,repeated,word,for,word,the,oath,taken,by,George,Washington,200,years,ago,",",and,the,Bible,on,which,I,placed,my,hand,is,the,Bible,on,which,he,placed,his,.,,,,,,,,,,,,,,,,,,,,,,,,,,,,,,,,,
Bush,0,2,1,It,is,right,that,the,memory,of,Washington,be,with,us,today,",",not,only,because,this,is,our,Bicentennial,Inauguration,",",but,because,Washington,remains,the,Father,of,our,Country,.,,,,,,,,,,,,,,,,,,,,,,,,,,,,,,,,,,,,
Bush,0,2,2,And,he,would,",",I,think,",",be,gladdened,by,this,day,;,for,today,is,the,concrete,expression,of,a,stunning,fact,:,our,continuity,these,200,years,since,our,government,began,.,,,,,,,,,,,,,,,,,,,,,,,,,,,,,,,,,,
Bush,0,3,0,We,meet,on,democracy,',s,front,porch,",",a,good,place,to,talk,as,neighbors,and,as,friends,.,,,,,,,,,,,,,,,,,,,,,,,,,,,,,,,,,,,,,,,,,,,,,,,,
Bush,0,3,1,For,this,is,a,day,when,our,nation,is,made,whole,",",when,our,differences,",",for,a,moment,",",are,suspended,.,,,,,,,,,,,,,,,,,,,,,,,,,,,,,,,,,,,,,,,,,,,,,
Bush,0,4,0,And,my,first,act,as,President,is,a,prayer,.,,,,,,,,,,,,,,,,,,,,,,,,,,,,,,,,,,,,,,,,,,,,,,,,,,,,,,,,,,
Bush,0,4,1,I,ask,you,to,bow,your,heads,:,,,,,,,,,,,,,,,,,,,,,,,,,,,,,,,,,,,,,,,,,,,,,,,,,,,,,,,,,,,,
Bush,0,5,0,Heavenly,Father,",",we,bow,our,heads,and,thank,You,for,Your,love,.,,,,,,,,,,,,,,,,,,,,,,,,,,,,,,,,,,,,,,,,,,,,,,,,,,,,,,
Bush,0,5,1,Accept,our,thanks,for,the,peace,that,yields,this,day,and,the,shared,faith,that,makes,its,continuance,likely,.,,,,,,,,,,,,,,,,,,,,,,,,,,,,,,,,,,,,,,,,,,,,,,,,
Bush,0,5,2,Make,us,strong,to,do,Your,work,",",willing,to,heed,and,hear,Your,will,",",and,write,on,our,hearts,these,words,:,"""",Use,power,to,help,people,".""",,,,,,,,,,,,,,,,,,,,,,,,,,,,,,,,,,,,,
Bush,0,5,3,For,we,are,given,power,not,to,advance,our,own,purposes,",",nor,to,make,a,great,show,in,the,world,",",nor,a,name,.,,,,,,,,,,,,,,,,,,,,,,,,,,,,,,,,,,,,,,,,,,
Bush,0,5,4,There,is,but,one,just,use,of,power,",",and,it,is,to,serve,people,.,,,,,,,,,,,,,,,,,,,,,,,,,,,,,,,,,,,,,,,,,,,,,,,,,,,,
Bush,0,5,5,Help,us,to,remember,it,",",Lord,.,,,,,,,,,,,,,,,,,,,,,,,,,,,,,,,,,,,,,,,,,,,,,,,,,,,,,,,,,,,,
Bush,0,5,6,Amen,.,,,,,,,,,,,,,,,,,,,,,,,,,,,,,,,,,,,,,,,,,,,,,,,,,,,,,,,,,,,,,,,,,,
Bush,0,6,0,I,come,before,you,and,assume,the,Presidency,at,a,moment,rich,with,promise,.,,,,,,,,,,,,,,,,,,,,,,,,,,,,,,,,,,,,,,,,,,,,,,,,,,,,,
Bush,0,6,1,We,live,in,a,peaceful,",",prosperous,time,",",but,we,can,make,it,better,.,,,,,,,,,,,,,,,,,,,,,,,,,,,,,,,,,,,,,,,,,,,,,,,,,,,,
Bush,0,6,2,For,a,new,breeze,is,blowing,",",and,a,world,refreshed,by,freedom,seems,reborn,;,for,in,man,',s,heart,",",if,not,in,fact,",",the,day,of,the,dictator,is,over,.,,,,,,,,,,,,,,,,,,,,,,,,,,,,,,,,
Bush,0,6,3,The,totalitarian,era,is,passing,",",its,old,ideas,blown,away,like,leaves,from,an,ancient,",",lifeless,tree,.,,,,,,,,,,,,,,,,,,,,,,,,,,,,,,,,,,,,,,,,,,,,,,,,
Bush,0,6,4,A,new,breeze,is,blowing,",",and,a,nation,refreshed,by,freedom,stands,ready,to,push,on,.,,,,,,,,,,,,,,,,,,,,,,,,,,,,,,,,,,,,,,,,,,,,,,,,,,
Bush,0,6,5,There,is,new,ground,to,be,broken,",",and,new,action,to,be,taken,.,,,,,,,,,,,,,,,,,,,,,,,,,,,,,,,,,,,,,,,,,,,,,,,,,,,,,
Bush,0,6,6,There,are,times,when,the,future,seems,thick,as,a,fog,;,you,sit,and,wait,",",hoping,the,mists,will,lift,and,reveal,the,right,path,.,,,,,,,,,,,,,,,,,,,,,,,,,,,,,,,,,,,,,,,,
Bush,0,6,7,But,this,is,a,time,when,the,future,seems,a,door,you,can,walk,right,through,into,a,room,called,tomorrow,.,,,,,,,,,,,,,,,,,,,,,,,,,,,,,,,,,,,,,,,,,,,,,,
Bush,0,7,0,Great,nations,of,the,world,are,moving,toward,democracy,through,the,door,to,freedom,.,,,,,,,,,,,,,,,,,,,,,,,,,,,,,,,,,,,,,,,,,,,,,,,,,,,,,
Bush,0,7,1,Men,and,women,of,the,world,move,toward,free,markets,through,the,door,to,prosperity,.,,,,,,,,,,,,,,,,,,,,,,,,,,,,,,,,,,,,,,,,,,,,,,,,,,,,
Bush,0,7,2,The,people,of,the,world,agitate,for,free,expression,and,free,thought,through,the,door,to,the,moral,and,intellectual,satisfactions,that,only,liberty,allows,.,,,,,,,,,,,,,,,,,,,,,,,,,,,,,,,,,,,,,,,,,,
Bush,0,8,0,We,know,what,works,:,Freedom,works,.,,,,,,,,,,,,,,,,,,,,,,,,,,,,,,,,,,,,,,,,,,,,,,,,,,,,,,,,,,,,
Bush,0,8,1,We,know,what,',s,right,:,Freedom,is,right,.,,,,,,,,,,,,,,,,,,,,,,,,,,,,,,,,,,,,,,,,,,,,,,,,,,,,,,,,,
Bush,0,8,2,We,know,how,to,secure,a,more,just,and,prosperous,life,for,man,on,Earth,:,through,free,markets,",",free,speech,",",free,elections,",",and,the,exercise,of,free,will,unhampered,by,the,state,.,,,,,,,,,,,,,,,,,,,,,,,,,,,,,,,
Bush,0,9,0,For,the,first,time,in,this,century,",",for,the,first,time,in,perhaps,all,history,",",man,does,not,have,to,invent,a,system,by,which,to,live,.,,,,,,,,,,,,,,,,,,,,,,,,,,,,,,,,,,,,,,
Bush,0,9,1,We,don,',t,have,to,talk,late,into,the,night,about,which,form,of,government,is,better,.,,,,,,,,,,,,,,,,,,,,,,,,,,,,,,,,,,,,,,,,,,,,,,,,,
Bush,0,9,2,We,don,',t,have,to,wrest,justice,from,the,kings,.,,,,,,,,,,,,,,,,,,,,,,,,,,,,,,,,,,,,,,,,,,,,,,,,,,,,,,,,
Bush,0,9,3,We,only,have,to,summon,it,from,within,ourselves,.,,,,,,,,,,,,,,,,,,,,,,,,,,,,,,,,,,,,,,,,,,,,,,,,,,,,,,,,,,
Bush,0,9,4,We,must,act,on,what,we,know,.,,,,,,,,,,,,,,,,,,,,,,,,,,,,,,,,,,,,,,,,,,,,,,,,,,,,,,,,,,,,
Bush,0,9,5,I,take,as,my,guide,the,hope,of,a,saint,:,In,crucial,things,",",unity,;,in,important,things,",",diversity,;,in,all,things,",",generosity,.,,,,,,,,,,,,,,,,,,,,,,,,,,,,,,,,,,,,,,,
Bush,0,10,0,America,today,is,a,proud,",",free,nation,",",decent,and,civil,",",a,place,we,cannot,help,but,love,.,,,,,,,,,,,,,,,,,,,,,,,,,,,,,,,,,,,,,,,,,,,,,,,
Bush,0,10,1,We,know,in,our,hearts,",",not,loudly,and,proudly,",",but,as,a,simple,fact,",",that,this,country,has,meaning,beyond,what,we,see,",",and,that,our,strength,is,a,force,for,good,.,,,,,,,,,,,,,,,,,,,,,,,,,,,,,,,
Bush,0,10,2,But,have,we,changed,as,a,nation,even,in,our,time,?,,,,,,,,,,,,,,,,,,,,,,,,,,,,,,,,,,,,,,,,,,,,,,,,,,,,,,,,
Bush,0,10,3,Are,we,enthralled,with,material,things,",",less,appreciative,of,the,nobility,of,work,and,sacrifice,?,,,,,,,,,,,,,,,,,,,,,,,,,,,,,,,,,,,,,,,,,,,,,,,,,,,
Bush,0,11,0,My,friends,",",we,are,not,the,sum,of,our,possessions,.,,,,,,,,,,,,,,,,,,,,,,,,,,,,,,,,,,,,,,,,,,,,,,,,,,,,,,,,
Bush,0,11,1,They,are,not,the,measure,of,our,lives,.,,,,,,,,,,,,,,,,,,,,,,,,,,,,,,,,,,,,,,,,,,,,,,,,,,,,,,,,,,,
Bush,0,11,2,In,our,hearts,we,know,what,matters,.,,,,,,,,,,,,,,,,,,,,,,,,,,,,,,,,,,,,,,,,,,,,,,,,,,,,,,,,,,,,
Bush,0,11,3,We,cannot,hope,only,to,leave,our,children,a,bigger,car,",",a,bigger,bank,account,.,,,,,,,,,,,,,,,,,,,,,,,,,,,,,,,,,,,,,,,,,,,,,,,,,,,
Bush,0,11,4,We,must,hope,to,give,them,a,sense,of,what,it,means,to,be,a,loyal,friend,",",a,loving,parent,",",a,citizen,who,leaves,his,home,",",his,neighborhood,and,town,better,than,he,found,it,.,,,,,,,,,,,,,,,,,,,,,,,,,,,,,
Bush,0,11,5,What,do,we,want,the,men,and,women,who,work,with,us,to,say,when,we,are,no,longer,there,?,,,,,,,,,,,,,,,,,,,,,,,,,,,,,,,,,,,,,,,,,,,,,,,
Bush,0,11,6,That,we,were,more,driven,to,succeed,than,anyone,around,us,?,,,,,,,,,,,,,,,,,,,,,,,,,,,,,,,,,,,,,,,,,,,,,,,,,,,,,,,,
Bush,0,11,7,Or,that,we,stopped,to,ask,if,a,sick,child,had,gotten,better,",",and,stayed,a,moment,there,to,trade,a,word,of,friendship,?,,,,,,,,,,,,,,,,,,,,,,,,,,,,,,,,,,,,,,,,,,
Bush,0,12,0,No,President,",",no,government,",",can,teach,us,to,remember,what,is,best,in,what,we,are,.,,,,,,,,,,,,,,,,,,,,,,,,,,,,,,,,,,,,,,,,,,,,,,,,,
Bush,0,12,1,But,if,the,man,you,have,chosen,to,lead,this,government,can,help,make,a,difference,;,if,he,can,celebrate,the,quieter,",",deeper,successes,that,are,made,not,of,gold,and,silk,",",but,of,better,hearts,and,finer,souls,;,if,he,can,do,these,things,",",then,he,must,.,,,,,,,,,,,,,,
Bush,0,13,0,America,is,never,wholly,herself,unless,she,is,engaged,in,high,moral,principle,.,,,,,,,,,,,,,,,,,,,,,,,,,,,,,,,,,,,,,,,,,,,,,,,,,,,,,,
Bush,0,13,1,We,as,a,people,have,such,a,purpose,today,.,,,,,,,,,,,,,,,,,,,,,,,,,,,,,,,,,,,,,,,,,,,,,,,,,,,,,,,,,,
Bush,0,13,2,It,is,to,make,kinder,the,face,of,the,Nation,and,gentler,the,face,of,the,world,.,,,,,,,,,,,,,,,,,,,,,,,,,,,,,,,,,,,,,,,,,,,,,,,,,,
Bush,0,13,3,My,friends,",",we,have,work,to,do,.,,,,,,,,,,,,,,,,,,,,,,,,,,,,,,,,,,,,,,,,,,,,,,,,,,,,,,,,,,,
Bush,0,13,4,There,are,the,homeless,",",lost,and,roaming,.,,,,,,,,,,,,,,,,,,,,,,,,,,,,,,,,,,,,,,,,,,,,,,,,,,,,,,,,,,,
Bush,0,13,5,There,are,the,children,who,have,nothing,",",no,love,",",no,normalcy,.,,,,,,,,,,,,,,,,,,,,,,,,,,,,,,,,,,,,,,,,,,,,,,,,,,,,,,
Bush,0,13,6,There,are,those,who,cannot,free,themselves,of,enslavement,to,whatever,addiction,--,drugs,",",welfare,",",the,demoralization,that,rules,the,slums,.,,,,,,,,,,,,,,,,,,,,,,,,,,,,,,,,,,,,,,,,,,,,
Bush,0,13,7,There,is,crime,to,be,conquered,",",the,rough,crime,of,the,streets,.,,,,,,,,,,,,,,,,,,,,,,,,,,,,,,,,,,,,,,,,,,,,,,,,,,,,,,
Bush,0,13,8,There,are,young,women,to,be,helped,who,are,about,to,become,mothers,of,children,they,can,',t,care,for,and,might,not,love,.,,,,,,,,,,,,,,,,,,,,,,,,,,,,,,,,,,,,,,,,,,
Bush,0,13,9,They,need,our,care,",",our,guidance,",",and,our,education,",",though,we,bless,them,for,choosing,life,.,,,,,,,,,,,,,,,,,,,,,,,,,,,,,,,,,,,,,,,,,,,,,,,,
Bush,0,14,0,The,old,solution,",",the,old,way,",",was,to,think,that,public,money,alone,could,end,these,problems,.,,,,,,,,,,,,,,,,,,,,,,,,,,,,,,,,,,,,,,,,,,,,,,,,
Bush,0,14,1,But,we,have,learned,that,is,not,so,.,,,,,,,,,,,,,,,,,,,,,,,,,,,,,,,,,,,,,,,,,,,,,,,,,,,,,,,,,,,
Bush,0,14,2,And,in,any,case,",",our,funds,are,low,.,,,,,,,,,,,,,,,,,,,,,,,,,,,,,,,,,,,,,,,,,,,,,,,,,,,,,,,,,,
Bush,0,14,3,We,have,a,deficit,to,bring,down,.,,,,,,,,,,,,,,,,,,,,,,,,,,,,,,,,,,,,,,,,,,,,,,,,,,,,,,,,,,,,
Bush,0,14,4,We,have,more,will,than,wallet,;,but,will,is,what,we,need,.,,,,,,,,,,,,,,,,,,,,,,,,,,,,,,,,,,,,,,,,,,,,,,,,,,,,,,
Bush,0,14,5,We,will,make,the,hard,choices,",",looking,at,what,we,have,and,perhaps,allocating,it,differently,",",making,our,decisions,based,on,honest,need,and,prudent,safety,.,,,,,,,,,,,,,,,,,,,,,,,,,,,,,,,,,,,,,,,
Bush,0,14,6,And,then,we,will,do,the,wisest,thing,of,all,:,We,will,turn,to,the,only,resource,we,have,that,in,times,of,need,always,grows,--,the,goodness,and,the,courage,of,the,American,people,.,,,,,,,,,,,,,,,,,,,,,,,,,,,,,,
Bush,0,15,0,I,am,speaking,of,a,new,engagement,in,the,lives,of,others,",",a,new,activism,",",hands,-,on,and,involved,",",that,gets,the,job,done,.,,,,,,,,,,,,,,,,,,,,,,,,,,,,,,,,,,,,,,,
Bush,0,15,1,We,must,bring,in,the,generations,",",harnessing,the,unused,talent,of,the,elderly,and,the,unfocused,energy,of,the,young,.,,,,,,,,,,,,,,,,,,,,,,,,,,,,,,,,,,,,,,,,,,,,,,
Bush,0,15,2,For,not,only,leadership,is,passed,from,generation,to,generation,",",but,so,is,stewardship,.,,,,,,,,,,,,,,,,,,,,,,,,,,,,,,,,,,,,,,,,,,,,,,,,,,,,
Bush,0,15,3,And,the,generation,born,after,the,Second,World,War,has,come,of,age,.,,,,,,,,,,,,,,,,,,,,,,,,,,,,,,,,,,,,,,,,,,,,,,,,,,,,,,
Bush,0,16,0,I,have,spoken,of,a,thousand,points,of,light,",",of,all,the,community,organizations,that,are,spread,like,stars,throughout,the,Nation,",",doing,good,.,,,,,,,,,,,,,,,,,,,,,,,,,,,,,,,,,,,,,,,,,
Bush,0,16,1,We,will,work,hand,in,hand,",",encouraging,",",sometimes,leading,",",sometimes,being,led,",",rewarding,.,,,,,,,,,,,,,,,,,,,,,,,,,,,,,,,,,,,,,,,,,,,,,,,,,,
Bush,0,16,2,We,will,work,on,this,in,the,White,House,",",in,the,Cabinet,agencies,.,,,,,,,,,,,,,,,,,,,,,,,,,,,,,,,,,,,,,,,,,,,,,,,,,,,,,
Bush,0,16,3,I,will,go,to,the,people,and,the,programs,that,are,the,brighter,points,of,light,",",and,I,will,ask,every,member,of,my,government,to,become,involved,.,,,,,,,,,,,,,,,,,,,,,,,,,,,,,,,,,,,,,,
Bush,0,16,4,The,old,ideas,are,new,again,because,they,are,not,old,",",they,are,timeless,:,duty,",",sacrifice,",",commitment,",",and,a,patriotism,that,finds,its,expression,in,taking,part,and,pitching,in,.,,,,,,,,,,,,,,,,,,,,,,,,,,,,,,,,
Bush,0,17,0,We,need,a,new,engagement,",",too,",",between,the,Executive,and,the,Congress,.,,,,,,,,,,,,,,,,,,,,,,,,,,,,,,,,,,,,,,,,,,,,,,,,,,,,,
Bush,0,17,1,The,challenges,before,us,will,be,thrashed,out,with,the,House,and,the,Senate,.,,,,,,,,,,,,,,,,,,,,,,,,,,,,,,,,,,,,,,,,,,,,,,,,,,,,,
Bush,0,17,2,We,must,bring,the,Federal,budget,into,balance,.,,,,,,,,,,,,,,,,,,,,,,,,,,,,,,,,,,,,,,,,,,,,,,,,,,,,,,,,,,,
Bush,0,17,3,And,we,must,ensure,that,America,stands,before,the,world,united,",",strong,",",at,peace,",",and,fiscally,sound,.,,,,,,,,,,,,,,,,,,,,,,,,,,,,,,,,,,,,,,,,,,,,,,,
Bush,0,17,4,But,",",of,course,",",things,may,be,difficult,.,,,,,,,,,,,,,,,,,,,,,,,,,,,,,,,,,,,,,,,,,,,,,,,,,,,,,,,,,,
Bush,0,17,5,We,need,compromise,;,we,have,had,dissension,.,,,,,,,,,,,,,,,,,,,,,,,,,,,,,,,,,,,,,,,,,,,,,,,,,,,,,,,,,,,
Bush,0,17,6,We,need,harmony,;,we,have,had,a,chorus,of,discordant,voices,.,,,,,,,,,,,,,,,,,,,,,,,,,,,,,,,,,,,,,,,,,,,,,,,,,,,,,,,
Bush,0,18,0,For,Congress,",",too,",",has,changed,in,our,time,.,,,,,,,,,,,,,,,,,,,,,,,,,,,,,,,,,,,,,,,,,,,,,,,,,,,,,,,,,
Bush,0,18,1,There,has,grown,a,certain,divisiveness,.,,,,,,,,,,,,,,,,,,,,,,,,,,,,,,,,,,,,,,,,,,,,,,,,,,,,,,,,,,,,,
Bush,0,18,2,We,have,seen,the,hard,looks,and,heard,the,statements,in,which,not,each,other,',s,ideas,are,challenged,",",but,each,other,',s,motives,.,,,,,,,,,,,,,,,,,,,,,,,,,,,,,,,,,,,,,,,,
Bush,0,18,3,And,our,great,parties,have,too,often,been,far,apart,and,untrusting,of,each,other,.,,,,,,,,,,,,,,,,,,,,,,,,,,,,,,,,,,,,,,,,,,,,,,,,,,,,
Bush,0,18,4,It,has,been,this,way,since,Vietnam,.,,,,,,,,,,,,,,,,,,,,,,,,,,,,,,,,,,,,,,,,,,,,,,,,,,,,,,,,,,,,
Bush,0,18,5,That,war,cleaves,us,still,.,,,,,,,,,,,,,,,,,,,,,,,,,,,,,,,,,,,,,,,,,,,,,,,,,,,,,,,,,,,,,,
Bush,0,18,6,But,",",friends,",",that,war,began,in,earnest,a,quarter,of,a,century,ago,;,and,surely,the,statute,of,limitations,has,been,reached,.,,,,,,,,,,,,,,,,,,,,,,,,,,,,,,,,,,,,,,,,,,
Bush,0,18,7,This,is,a,fact,:,The,final,lesson,of,Vietnam,is,that,no,great,nation,can,long,afford,to,be,sundered,by,a,memory,.,,,,,,,,,,,,,,,,,,,,,,,,,,,,,,,,,,,,,,,,,,,
Bush,0,18,8,A,new,breeze,is,blowing,",",and,the,old,bipartisanship,must,be,made,new,again,.,,,,,,,,,,,,,,,,,,,,,,,,,,,,,,,,,,,,,,,,,,,,,,,,,,,,
Bush,0,19,0,To,my,friends,--,and,yes,",",I,do,mean,friends,--,in,the,loyal,opposition,--,and,yes,",",I,mean,loyal,:,I,put,out,my,hand,.,,,,,,,,,,,,,,,,,,,,,,,,,,,,,,,,,,,,,,
Bush,0,19,1,I,am,putting,out,my,hand,to,you,",",Mr,.,Speaker,.,,,,,,,,,,,,,,,,,,,,,,,,,,,,,,,,,,,,,,,,,,,,,,,,,,,,,,,
Bush,0,19,2,I,am,putting,out,my,hand,to,you,Mr,.,,,,,,,,,,,,,,,,,,,,,,,,,,,,,,,,,,,,,,,,,,,,,,,,,,,,,,,,,,
Bush,0,19,3,Majority,Leader,.,,,,,,,,,,,,,,,,,,,,,,,,,,,,,,,,,,,,,,,,,,,,,,,,,,,,,,,,,,,,,,,,,
Bush,0,19,4,For,this,is,the,thing,:,This,is,the,age,of,the,offered,hand,.,,,,,,,,,,,,,,,,,,,,,,,,,,,,,,,,,,,,,,,,,,,,,,,,,,,,,
Bush,0,19,5,We,can,',t,turn,back,clocks,",",and,I,don,',t,want,to,.,,,,,,,,,,,,,,,,,,,,,,,,,,,,,,,,,,,,,,,,,,,,,,,,,,,,
Bush,0,19,6,But,when,our,fathers,were,young,",",Mr,.,Speaker,",",our,differences,ended,at,the,water,',s,edge,.,,,,,,,,,,,,,,,,,,,,,,,,,,,,,,,,,,,,,,,,,,,,,,,
Bush,0,19,7,And,we,don,',t,wish,to,turn,back,time,",",but,when,our,mothers,were,young,",",Mr,.,,,,,,,,,,,,,,,,,,,,,,,,,,,,,,,,,,,,,,,,,,,,,,,,
Bush,0,19,8,Majority,Leader,",",the,Congress,and,the,Executive,were,capable,of,working,together,to,produce,a,budget,on,which,this,nation,could,live,.,,,,,,,,,,,,,,,,,,,,,,,,,,,,,,,,,,,,,,,,,,,,
Bush,0,19,9,Let,us,negotiate,soon,and,hard,.,,,,,,,,,,,,,,,,,,,,,,,,,,,,,,,,,,,,,,,,,,,,,,,,,,,,,,,,,,,,,
Bush,0,19,10,But,in,the,end,",",let,us,produce,.,,,,,,,,,,,,,,,,,,,,,,,,,,,,,,,,,,,,,,,,,,,,,,,,,,,,,,,,,,,
Bush,0,19,11,The,American,people,await,action,.,,,,,,,,,,,,,,,,,,,,,,,,,,,,,,,,,,,,,,,,,,,,,,,,,,,,,,,,,,,,,,
Bush,0,19,12,They,didn,',t,send,us,here,to,bicker,.,,,,,,,,,,,,,,,,,,,,,,,,,,,,,,,,,,,,,,,,,,,,,,,,,,,,,,,,,,
Bush,0,19,13,They,ask,us,to,rise,above,the,merely,partisan,.,,,,,,,,,,,,,,,,,,,,,,,,,,,,,,,,,,,,,,,,,,,,,,,,,,,,,,,,,,
Bush,0,19,14,"""",In,crucial,things,",",unity,"""",--,and,this,",",my,friends,",",is,crucial,.,,,,,,,,,,,,,,,,,,,,,,,,,,,,,,,,,,,,,,,,,,,,,,,,,,,
Bush,0,20,0,To,the,world,",",too,",",we,offer,new,engagement,and,a,renewed,vow,:,We,will,stay,strong,to,protect,the,peace,.,,,,,,,,,,,,,,,,,,,,,,,,,,,,,,,,,,,,,,,,,,,,
Bush,0,20,1,The,"""",offered,hand,"""",is,a,reluctant,fist,;,but,once,made,",",strong,",",and,can,be,used,with,great,effect,.,,,,,,,,,,,,,,,,,,,,,,,,,,,,,,,,,,,,,,,,,,,,
Bush,0,20,2,There,are,today,Americans,who,are,held,against,their,will,in,foreign,lands,",",and,Americans,who,are,unaccounted,for,.,,,,,,,,,,,,,,,,,,,,,,,,,,,,,,,,,,,,,,,,,,,,,,,
Bush,0,20,3,Assistance,can,be,shown,here,",",and,will,be,long,remembered,.,,,,,,,,,,,,,,,,,,,,,,,,,,,,,,,,,,,,,,,,,,,,,,,,,,,,,,,,
Bush,0,20,4,Good,will,begets,good,will,.,,,,,,,,,,,,,,,,,,,,,,,,,,,,,,,,,,,,,,,,,,,,,,,,,,,,,,,,,,,,,,
Bush,0,20,5,Good,faith,can,be,a,spiral,that,endlessly,moves,on,.,,,,,,,,,,,,,,,,,,,,,,,,,,,,,,,,,,,,,,,,,,,,,,,,,,,,,,,,,
Bush,0,21,0,Great,nations,like,great,men,must,keep,their,word,.,,,,,,,,,,,,,,,,,,,,,,,,,,,,,,,,,,,,,,,,,,,,,,,,,,,,,,,,,,
Bush,0,21,1,When,America,says,something,",",America,means,it,",",whether,a,treaty,or,an,agreement,or,a,vow,made,on,marble,steps,.,,,,,,,,,,,,,,,,,,,,,,,,,,,,,,,,,,,,,,,,,,,,,
Bush,0,21,2,We,will,always,try,to,speak,clearly,",",for,candor,is,a,compliment,",",but,subtlety,",",too,",",is,good,and,has,its,place,.,,,,,,,,,,,,,,,,,,,,,,,,,,,,,,,,,,,,,,,,,,
Bush,0,21,3,While,keeping,our,alliances,and,friendships,around,the,world,strong,",",ever,strong,",",we,will,continue,the,new,closeness,with,the,Soviet,Union,",",consistent,both,with,our,security,and,with,progress,.,,,,,,,,,,,,,,,,,,,,,,,,,,,,,,,,,,
Bush,0,21,4,One,might,say,that,our,new,relationship,in,part,reflects,the,triumph,of,hope,and,strength,over,experience,.,,,,,,,,,,,,,,,,,,,,,,,,,,,,,,,,,,,,,,,,,,,,,,,,,
Bush,0,21,5,But,hope,is,good,",",and,so,are,strength,and,vigilance,.,,,,,,,,,,,,,,,,,,,,,,,,,,,,,,,,,,,,,,,,,,,,,,,,,,,,,,,,
Bush,0,22,0,Here,today,are,tens,of,thousands,of,our,citizens,who,feel,the,understandable,satisfaction,of,those,who,have,taken,part,in,democracy,and,seen,their,hopes,fulfilled,.,,,,,,,,,,,,,,,,,,,,,,,,,,,,,,,,,,,,,,,,
Bush,0,22,1,But,my,thoughts,have,been,turning,the,past,few,days,to,those,who,would,be,watching,at,home,to,an,older,fellow,who,will,throw,a,salute,by,himself,when,the,flag,goes,by,",",and,the,women,who,will,tell,her,sons,the,words,of,the,battle,hymns,.,,,,,,,,,,,,,,,,,,
Bush,0,22,2,I,don,',t,mean,this,to,be,sentimental,.,,,,,,,,,,,,,,,,,,,,,,,,,,,,,,,,,,,,,,,,,,,,,,,,,,,,,,,,,,
Bush,0,22,3,I,mean,that,on,days,like,this,",",we,remember,that,we,are,all,part,of,a,continuum,",",inescapably,connected,by,the,ties,that,bind,.,,,,,,,,,,,,,,,,,,,,,,,,,,,,,,,,,,,,,,,,,
Bush,0,23,0,Our,children,are,watching,in,schools,throughout,our,great,land,.,,,,,,,,,,,,,,,,,,,,,,,,,,,,,,,,,,,,,,,,,,,,,,,,,,,,,,,,,
Bush,0,23,1,And,to,them,I,say,",",thank,you,for,watching,democracy,',s,big,day,.,,,,,,,,,,,,,,,,,,,,,,,,,,,,,,,,,,,,,,,,,,,,,,,,,,,,
Bush,0,23,2,For,democracy,belongs,to,us,all,",",and,freedom,is,like,a,beautiful,kite,that,can,go,higher,and,higher,with,the,breeze,.,,,,,,,,,,,,,,,,,,,,,,,,,,,,,,,,,,,,,,,,,,,,
Bush,0,23,3,And,to,all,I,say,:,No,matter,what,your,circumstances,or,where,you,are,",",you,are,part,of,this,day,",",you,are,part,of,the,life,of,our,great,nation,.,,,,,,,,,,,,,,,,,,,,,,,,,,,,,,,,,,
Bush,0,24,0,A,President,is,neither,prince,nor,pope,",",and,I,don,',t,seek,a,window,on,men,',s,souls,.,,,,,,,,,,,,,,,,,,,,,,,,,,,,,,,,,,,,,,,,,,,,,,
Bush,0,24,1,In,fact,",",I,yearn,for,a,greater,tolerance,",",an,easy,-,goingness,about,each,other,',s,attitudes,and,way,of,life,.,,,,,,,,,,,,,,,,,,,,,,,,,,,,,,,,,,,,,,,,,,,
Bush,0,25,0,There,are,few,clear,areas,in,which,we,as,a,society,must,rise,up,united,and,express,our,intolerance,.,,,,,,,,,,,,,,,,,,,,,,,,,,,,,,,,,,,,,,,,,,,,,,,,
Bush,0,25,1,The,most,obvious,now,is,drugs,.,,,,,,,,,,,,,,,,,,,,,,,,,,,,,,,,,,,,,,,,,,,,,,,,,,,,,,,,,,,,,
Bush,0,25,2,And,when,that,first,cocaine,was,smuggled,in,on,a,ship,",",it,may,as,well,have,been,a,deadly,bacteria,",",so,much,has,it,hurt,the,body,",",the,soul,of,our,country,.,,,,,,,,,,,,,,,,,,,,,,,,,,,,,,,,
Bush,0,25,3,And,there,is,much,to,be,done,and,to,be,said,",",but,take,my,word,for,it,:,This,scourge,will,stop,.,,,,,,,,,,,,,,,,,,,,,,,,,,,,,,,,,,,,,,,,,,,,
Bush,0,26,0,And,so,",",there,is,much,to,do,;,and,tomorrow,the,work,begins,.,,,,,,,,,,,,,,,,,,,,,,,,,,,,,,,,,,,,,,,,,,,,,,,,,,,,,
Bush,0,26,1,I,do,not,mistrust,the,future,;,I,do,not,fear,what,is,ahead,.,,,,,,,,,,,,,,,,,,,,,,,,,,,,,,,,,,,,,,,,,,,,,,,,,,,,,
Bush,0,26,2,For,our,problems,are,large,",",but,our,heart,is,larger,.,,,,,,,,,,,,,,,,,,,,,,,,,,,,,,,,,,,,,,,,,,,,,,,,,,,,,,,,
Bush,0,26,3,Our,challenges,are,great,",",but,our,will,is,greater,.,,,,,,,,,,,,,,,,,,,,,,,,,,,,,,,,,,,,,,,,,,,,,,,,,,,,,,,,,
Bush,0,26,4,And,if,our,flaws,are,endless,",",God,',s,love,is,truly,boundless,.,,,,,,,,,,,,,,,,,,,,,,,,,,,,,,,,,,,,,,,,,,,,,,,,,,,,,
Bush,0,27,0,Some,see,leadership,as,high,drama,",",and,the,sound,of,trumpets,calling,",",and,sometimes,it,is,that,.,,,,,,,,,,,,,,,,,,,,,,,,,,,,,,,,,,,,,,,,,,,,,,,,
Bush,0,27,1,But,I,see,history,as,a,book,with,many,pages,",",and,each,day,we,fill,a,page,with,acts,of,hopefulness,and,meaning,.,,,,,,,,,,,,,,,,,,,,,,,,,,,,,,,,,,,,,,,,,,,
Bush,0,27,2,The,new,breeze,blows,",",a,page,turns,",",the,story,unfolds,.,,,,,,,,,,,,,,,,,,,,,,,,,,,,,,,,,,,,,,,,,,,,,,,,,,,,,,,
Bush,0,27,3,And,so,today,a,chapter,begins,",",a,small,and,stately,story,of,unity,",",diversity,",",and,generosity,--,shared,",",and,written,",",together,.,,,,,,,,,,,,,,,,,,,,,,,,,,,,,,,,,,,,,,,,,
Bush,0,28,0,Thank,you,.,,,,,,,,,,,,,,,,,,,,,,,,,,,,,,,,,,,,,,,,,,,,,,,,,,,,,,,,,,,,,,,,,
Bush,0,28,1,God,bless,you,and,God,bless,the,United,States,of,America,.,,,,,,,,,,,,,,,,,,,,,,,,,,,,,,,,,,,,,,,,,,,,,,,,,,,,,,,,
Bush,1,0,0,President,Clinton,",",distinguished,guests,and,my,fellow,citizens,",",the,peaceful,transfer,of,authority,is,rare,in,history,",",yet,common,in,our,country,.,,,,,,,,,,,,,,,,,,,,,,,,,,,,,,,,,,,,,,,,,,
Bush,1,0,1,With,a,simple,oath,",",we,affirm,old,traditions,and,make,new,beginnings,.,,,,,,,,,,,,,,,,,,,,,,,,,,,,,,,,,,,,,,,,,,,,,,,,,,,,,,
Bush,1,1,0,As,I,begin,",",I,thank,President,Clinton,for,his,service,to,our,nation,.,,,,,,,,,,,,,,,,,,,,,,,,,,,,,,,,,,,,,,,,,,,,,,,,,,,,,
Bush,1,2,0,And,I,thank,Vice,President,Gore,for,a,contest,conducted,with,spirit,and,ended,with,grace,.,,,,,,,,,,,,,,,,,,,,,,,,,,,,,,,,,,,,,,,,,,,,,,,,,,,
Bush,1,3,0,I,am,honored,and,humbled,to,stand,here,",",where,so,many,of,America,',s,leaders,have,come,before,me,",",and,so,many,will,follow,.,,,,,,,,,,,,,,,,,,,,,,,,,,,,,,,,,,,,,,,,
Bush,1,4,0,We,have,a,place,",",all,of,us,",",in,a,long,story,--,a,story,we,continue,",",but,whose,end,we,will,not,see,.,,,,,,,,,,,,,,,,,,,,,,,,,,,,,,,,,,,,,,,,,
Bush,1,4,1,It,is,the,story,of,a,new,world,that,became,a,friend,and,liberator,of,the,old,",",a,story,of,a,slave,-,holding,society,that,became,a,servant,of,freedom,",",the,story,of,a,power,that,went,into,the,world,to,protect,but,not,possess,",",to,defend,but,not,to,conquer,.,,,,,,,,,,,,
Bush,1,5,0,It,is,the,American,story,--,a,story,of,flawed,and,fallible,people,",",united,across,the,generations,by,grand,and,enduring,ideals,.,,,,,,,,,,,,,,,,,,,,,,,,,,,,,,,,,,,,,,,,,,,,
Bush,1,6,0,The,grandest,of,these,ideals,is,an,unfolding,American,promise,that,everyone,belongs,",",that,everyone,deserves,a,chance,",",that,no,insignificant,person,was,ever,born,.,,,,,,,,,,,,,,,,,,,,,,,,,,,,,,,,,,,,,,,,
Bush,1,7,0,Americans,are,called,to,enact,this,promise,in,our,lives,and,in,our,laws,.,,,,,,,,,,,,,,,,,,,,,,,,,,,,,,,,,,,,,,,,,,,,,,,,,,,,,
Bush,1,7,1,And,though,our,nation,has,sometimes,halted,",",and,sometimes,delayed,",",we,must,follow,no,other,course,.,,,,,,,,,,,,,,,,,,,,,,,,,,,,,,,,,,,,,,,,,,,,,,,,,
Bush,1,8,0,Through,much,of,the,last,century,",",America,',s,faith,in,freedom,and,democracy,was,a,rock,in,a,raging,sea,.,,,,,,,,,,,,,,,,,,,,,,,,,,,,,,,,,,,,,,,,,,,,,
Bush,1,8,1,Now,it,is,a,seed,upon,the,wind,",",taking,root,in,many,nations,.,,,,,,,,,,,,,,,,,,,,,,,,,,,,,,,,,,,,,,,,,,,,,,,,,,,,,
Bush,1,9,0,Our,democratic,faith,is,more,than,the,creed,of,our,country,",",it,is,the,inborn,hope,of,our,humanity,",",an,ideal,we,carry,but,do,not,own,",",a,trust,we,bear,and,pass,along,.,,,,,,,,,,,,,,,,,,,,,,,,,,,,,,
Bush,1,9,1,And,even,after,nearly,225,years,",",we,have,a,long,way,yet,to,travel,.,,,,,,,,,,,,,,,,,,,,,,,,,,,,,,,,,,,,,,,,,,,,,,,,,,,,
Bush,1,10,0,While,many,of,our,citizens,prosper,",",others,doubt,the,promise,",",even,the,justice,",",of,our,own,country,.,,,,,,,,,,,,,,,,,,,,,,,,,,,,,,,,,,,,,,,,,,,,,,,
Bush,1,10,1,The,ambitions,of,some,Americans,are,limited,by,failing,schools,and,hidden,prejudice,and,the,circumstances,of,their,birth,.,,,,,,,,,,,,,,,,,,,,,,,,,,,,,,,,,,,,,,,,,,,,,,,,
Bush,1,10,2,And,sometimes,our,differences,run,so,deep,",",it,seems,we,share,a,continent,",",but,not,a,country,.,,,,,,,,,,,,,,,,,,,,,,,,,,,,,,,,,,,,,,,,,,,,,,,,
Bush,1,11,0,We,do,not,accept,this,",",and,we,will,not,allow,it,.,,,,,,,,,,,,,,,,,,,,,,,,,,,,,,,,,,,,,,,,,,,,,,,,,,,,,,,
Bush,1,11,1,Our,unity,",",our,union,",",is,the,serious,work,of,leaders,and,citizens,in,every,generation,.,,,,,,,,,,,,,,,,,,,,,,,,,,,,,,,,,,,,,,,,,,,,,,,,,,
Bush,1,11,2,And,this,is,my,solemn,pledge,:,I,will,work,to,build,a,single,nation,of,justice,and,opportunity,.,,,,,,,,,,,,,,,,,,,,,,,,,,,,,,,,,,,,,,,,,,,,,,,,
Bush,1,12,0,I,know,this,is,in,our,reach,because,we,are,guided,by,a,power,larger,than,ourselves,who,creates,us,equal,in,His,image,.,,,,,,,,,,,,,,,,,,,,,,,,,,,,,,,,,,,,,,,,,,,
Bush,1,13,0,And,we,are,confident,in,principles,that,unite,and,lead,us,onward,.,,,,,,,,,,,,,,,,,,,,,,,,,,,,,,,,,,,,,,,,,,,,,,,,,,,,,,,
Bush,1,14,0,America,has,never,been,united,by,blood,or,birth,or,soil,.,,,,,,,,,,,,,,,,,,,,,,,,,,,,,,,,,,,,,,,,,,,,,,,,,,,,,,,,
Bush,1,14,1,We,are,bound,by,ideals,that,move,us,beyond,our,backgrounds,",",lift,us,above,our,interests,and,teach,us,what,it,means,to,be,citizens,.,,,,,,,,,,,,,,,,,,,,,,,,,,,,,,,,,,,,,,,,,
Bush,1,14,2,Every,child,must,be,taught,these,principles,.,,,,,,,,,,,,,,,,,,,,,,,,,,,,,,,,,,,,,,,,,,,,,,,,,,,,,,,,,,,,
Bush,1,14,3,Every,citizen,must,uphold,them,.,,,,,,,,,,,,,,,,,,,,,,,,,,,,,,,,,,,,,,,,,,,,,,,,,,,,,,,,,,,,,,
Bush,1,14,4,And,every,immigrant,",",by,embracing,these,ideals,",",makes,our,country,more,",",not,less,",",American,.,,,,,,,,,,,,,,,,,,,,,,,,,,,,,,,,,,,,,,,,,,,,,,,,,
Bush,1,15,0,Today,",",we,affirm,a,new,commitment,to,live,out,our,nation,',s,promise,through,civility,",",courage,",",compassion,and,character,.,,,,,,,,,,,,,,,,,,,,,,,,,,,,,,,,,,,,,,,,,,,,
Bush,1,16,0,America,",",at,its,best,",",matches,a,commitment,to,principle,with,a,concern,for,civility,.,,,,,,,,,,,,,,,,,,,,,,,,,,,,,,,,,,,,,,,,,,,,,,,,,,,
Bush,1,16,1,A,civil,society,demands,from,each,of,us,good,will,and,respect,",",fair,dealing,and,forgiveness,.,,,,,,,,,,,,,,,,,,,,,,,,,,,,,,,,,,,,,,,,,,,,,,,,,,
Bush,1,17,0,Some,seem,to,believe,that,our,politics,can,afford,to,be,petty,because,",",in,a,time,of,peace,",",the,stakes,of,our,debates,appear,small,.,,,,,,,,,,,,,,,,,,,,,,,,,,,,,,,,,,,,,,,,
Bush,1,18,0,But,the,stakes,for,America,are,never,small,.,,,,,,,,,,,,,,,,,,,,,,,,,,,,,,,,,,,,,,,,,,,,,,,,,,,,,,,,,,,
Bush,1,18,1,If,our,country,does,not,lead,the,cause,of,freedom,",",it,will,not,be,led,.,,,,,,,,,,,,,,,,,,,,,,,,,,,,,,,,,,,,,,,,,,,,,,,,,,,
Bush,1,18,2,If,we,do,not,turn,the,hearts,of,children,toward,knowledge,and,character,",",we,will,lose,their,gifts,and,undermine,their,idealism,.,,,,,,,,,,,,,,,,,,,,,,,,,,,,,,,,,,,,,,,,,,,,
Bush,1,18,3,If,we,permit,our,economy,to,drift,and,decline,",",the,vulnerable,will,suffer,most,.,,,,,,,,,,,,,,,,,,,,,,,,,,,,,,,,,,,,,,,,,,,,,,,,,,,,
Bush,1,19,0,We,must,live,up,to,the,calling,we,share,.,,,,,,,,,,,,,,,,,,,,,,,,,,,,,,,,,,,,,,,,,,,,,,,,,,,,,,,,,,
Bush,1,19,1,Civility,is,not,a,tactic,or,a,sentiment,.,,,,,,,,,,,,,,,,,,,,,,,,,,,,,,,,,,,,,,,,,,,,,,,,,,,,,,,,,,,
Bush,1,19,2,It,is,the,determined,choice,of,trust,over,cynicism,",",of,community,over,chaos,.,,,,,,,,,,,,,,,,,,,,,,,,,,,,,,,,,,,,,,,,,,,,,,,,,,,,,
Bush,1,19,3,And,this,commitment,",",if,we,keep,it,",",is,a,way,to,shared,accomplishment,.,,,,,,,,,,,,,,,,,,,,,,,,,,,,,,,,,,,,,,,,,,,,,,,,,,,,
Bush,1,20,0,America,",",at,its,best,",",is,also,courageous,.,,,,,,,,,,,,,,,,,,,,,,,,,,,,,,,,,,,,,,,,,,,,,,,,,,,,,,,,,,
Bush,1,21,0,Our,national,courage,has,been,clear,in,times,of,depression,and,war,",",when,defending,common,dangers,defined,our,common,good,.,,,,,,,,,,,,,,,,,,,,,,,,,,,,,,,,,,,,,,,,,,,,,,
Bush,1,21,1,Now,we,must,choose,if,the,example,of,our,fathers,and,mothers,will,inspire,us,or,condemn,us,.,,,,,,,,,,,,,,,,,,,,,,,,,,,,,,,,,,,,,,,,,,,,,,,,,
Bush,1,21,2,We,must,show,courage,in,a,time,of,blessing,by,confronting,problems,instead,of,passing,them,on,to,future,generations,.,,,,,,,,,,,,,,,,,,,,,,,,,,,,,,,,,,,,,,,,,,,,,,,
Bush,1,22,0,Together,",",we,will,reclaim,America,',s,schools,",",before,ignorance,and,apathy,claim,more,young,lives,.,,,,,,,,,,,,,,,,,,,,,,,,,,,,,,,,,,,,,,,,,,,,,,,,,
Bush,1,23,0,We,will,reform,Social,Security,and,Medicare,",",sparing,our,children,from,struggles,we,have,the,power,to,prevent,.,,,,,,,,,,,,,,,,,,,,,,,,,,,,,,,,,,,,,,,,,,,,,,,,
Bush,1,23,1,And,we,will,reduce,taxes,",",to,recover,the,momentum,of,our,economy,and,reward,the,effort,and,enterprise,of,working,Americans,.,,,,,,,,,,,,,,,,,,,,,,,,,,,,,,,,,,,,,,,,,,,,,
Bush,1,24,0,We,will,build,our,defenses,beyond,challenge,",",lest,weakness,invite,challenge,.,,,,,,,,,,,,,,,,,,,,,,,,,,,,,,,,,,,,,,,,,,,,,,,,,,,,,,,
Bush,1,25,0,We,will,confront,weapons,of,mass,destruction,",",so,that,a,new,century,is,spared,new,horrors,.,,,,,,,,,,,,,,,,,,,,,,,,,,,,,,,,,,,,,,,,,,,,,,,,,,
Bush,1,26,0,The,enemies,of,liberty,and,our,country,should,make,no,mistake,:,America,remains,engaged,in,the,world,by,history,and,by,choice,",",shaping,a,balance,of,power,that,favors,freedom,.,,,,,,,,,,,,,,,,,,,,,,,,,,,,,,,,,,,
Bush,1,26,1,We,will,defend,our,allies,and,our,interests,.,,,,,,,,,,,,,,,,,,,,,,,,,,,,,,,,,,,,,,,,,,,,,,,,,,,,,,,,,,,
Bush,1,26,2,We,will,show,purpose,without,arrogance,.,,,,,,,,,,,,,,,,,,,,,,,,,,,,,,,,,,,,,,,,,,,,,,,,,,,,,,,,,,,,,
Bush,1,26,3,We,will,meet,aggression,and,bad,faith,with,resolve,and,strength,.,,,,,,,,,,,,,,,,,,,,,,,,,,,,,,,,,,,,,,,,,,,,,,,,,,,,,,,,
Bush,1,26,4,And,to,all,nations,",",we,will,speak,for,the,values,that,gave,our,nation,birth,.,,,,,,,,,,,,,,,,,,,,,,,,,,,,,,,,,,,,,,,,,,,,,,,,,,,
Bush,1,27,0,America,",",at,its,best,",",is,compassionate,.,,,,,,,,,,,,,,,,,,,,,,,,,,,,,,,,,,,,,,,,,,,,,,,,,,,,,,,,,,,
Bush,1,27,1,In,the,quiet,of,American,conscience,",",we,know,that,deep,",",persistent,poverty,is,unworthy,of,our,nation,',s,promise,.,,,,,,,,,,,,,,,,,,,,,,,,,,,,,,,,,,,,,,,,,,,,,
Bush,1,28,0,And,whatever,our,views,of,its,cause,",",we,can,agree,that,children,at,risk,are,not,at,fault,.,,,,,,,,,,,,,,,,,,,,,,,,,,,,,,,,,,,,,,,,,,,,,,,,
Bush,1,28,1,Abandonment,and,abuse,are,not,acts,of,God,",",they,are,failures,of,love,.,,,,,,,,,,,,,,,,,,,,,,,,,,,,,,,,,,,,,,,,,,,,,,,,,,,,,
Bush,1,29,0,And,the,proliferation,of,prisons,",",however,necessary,",",is,no,substitute,for,hope,and,order,in,our,souls,.,,,,,,,,,,,,,,,,,,,,,,,,,,,,,,,,,,,,,,,,,,,,,,,,
Bush,1,30,0,Where,there,is,suffering,",",there,is,duty,.,,,,,,,,,,,,,,,,,,,,,,,,,,,,,,,,,,,,,,,,,,,,,,,,,,,,,,,,,,,
Bush,1,30,1,Americans,in,need,are,not,strangers,",",they,are,citizens,",",not,problems,",",but,priorities,.,,,,,,,,,,,,,,,,,,,,,,,,,,,,,,,,,,,,,,,,,,,,,,,,,,,
Bush,1,30,2,And,all,of,us,are,diminished,when,any,are,hopeless,.,,,,,,,,,,,,,,,,,,,,,,,,,,,,,,,,,,,,,,,,,,,,,,,,,,,,,,,,,
Bush,1,31,0,Government,has,great,responsibilities,for,public,safety,and,public,health,",",for,civil,rights,and,common,schools,.,,,,,,,,,,,,,,,,,,,,,,,,,,,,,,,,,,,,,,,,,,,,,,,,,,
Bush,1,31,1,Yet,compassion,is,the,work,of,a,nation,",",not,just,a,government,.,,,,,,,,,,,,,,,,,,,,,,,,,,,,,,,,,,,,,,,,,,,,,,,,,,,,,,
Bush,1,32,0,And,some,needs,and,hurts,are,so,deep,they,will,only,respond,to,a,mentor,',s,touch,or,a,pastor,',s,prayer,.,,,,,,,,,,,,,,,,,,,,,,,,,,,,,,,,,,,,,,,,,,,
Bush,1,32,1,Church,and,charity,",",synagogue,and,mosque,lend,our,communities,their,humanity,",",and,they,will,have,an,honored,place,in,our,plans,and,in,our,laws,.,,,,,,,,,,,,,,,,,,,,,,,,,,,,,,,,,,,,,,,,
Bush,1,33,0,Many,in,our,country,do,not,know,the,pain,of,poverty,",",but,we,can,listen,to,those,who,do,.,,,,,,,,,,,,,,,,,,,,,,,,,,,,,,,,,,,,,,,,,,,,,,,
Bush,1,34,0,And,I,can,pledge,our,nation,to,a,goal,:,When,we,see,that,wounded,traveler,on,the,road,to,Jericho,",",we,will,not,pass,to,the,other,side,.,,,,,,,,,,,,,,,,,,,,,,,,,,,,,,,,,,,,,
Bush,1,35,0,America,",",at,its,best,",",is,a,place,where,personal,responsibility,is,valued,and,expected,.,,,,,,,,,,,,,,,,,,,,,,,,,,,,,,,,,,,,,,,,,,,,,,,,,,,
Bush,1,36,0,Encouraging,responsibility,is,not,a,search,for,scapegoats,",",it,is,a,call,to,conscience,.,,,,,,,,,,,,,,,,,,,,,,,,,,,,,,,,,,,,,,,,,,,,,,,,,,,,
Bush,1,36,1,And,though,it,requires,sacrifice,",",it,brings,a,deeper,fulfillment,.,,,,,,,,,,,,,,,,,,,,,,,,,,,,,,,,,,,,,,,,,,,,,,,,,,,,,,,,
Bush,1,36,2,We,find,the,fullness,of,life,not,only,in,options,",",but,in,commitments,.,,,,,,,,,,,,,,,,,,,,,,,,,,,,,,,,,,,,,,,,,,,,,,,,,,,,,
Bush,1,36,3,And,we,find,that,children,and,community,are,the,commitments,that,set,us,free,.,,,,,,,,,,,,,,,,,,,,,,,,,,,,,,,,,,,,,,,,,,,,,,,,,,,,,
Bush,1,37,0,Our,public,interest,depends,on,private,character,",",on,civic,duty,and,family,bonds,and,basic,fairness,",",on,uncounted,",",unhonored,acts,of,decency,which,give,direction,to,our,freedom,.,,,,,,,,,,,,,,,,,,,,,,,,,,,,,,,,,,,,
Bush,1,38,0,Sometimes,in,life,we,are,called,to,do,great,things,.,,,,,,,,,,,,,,,,,,,,,,,,,,,,,,,,,,,,,,,,,,,,,,,,,,,,,,,,,
Bush,1,38,1,But,as,a,saint,of,our,times,has,said,",",every,day,we,are,called,to,do,small,things,with,great,love,.,,,,,,,,,,,,,,,,,,,,,,,,,,,,,,,,,,,,,,,,,,,,,
Bush,1,38,2,The,most,important,tasks,of,a,democracy,are,done,by,everyone,.,,,,,,,,,,,,,,,,,,,,,,,,,,,,,,,,,,,,,,,,,,,,,,,,,,,,,,,,
Bush,1,39,0,I,will,live,and,lead,by,these,principles,:,to,advance,my,convictions,with,civility,",",to,pursue,the,public,interest,with,courage,",",to,speak,for,greater,justice,and,compassion,",",to,call,for,responsibility,and,try,to,live,it,as,well,.,,,,,,,,,,,,,,,,,,,,,,,,
Bush,1,40,0,In,all,these,ways,",",I,will,bring,the,values,of,our,history,to,the,care,of,our,times,.,,,,,,,,,,,,,,,,,,,,,,,,,,,,,,,,,,,,,,,,,,,,,,,,
Bush,1,41,0,What,you,do,is,as,important,as,anything,government,does,.,,,,,,,,,,,,,,,,,,,,,,,,,,,,,,,,,,,,,,,,,,,,,,,,,,,,,,,,,
Bush,1,41,1,I,ask,you,to,seek,a,common,good,beyond,your,comfort,;,to,defend,needed,reforms,against,easy,attacks,;,to,serve,your,nation,",",beginning,with,your,neighbor,.,,,,,,,,,,,,,,,,,,,,,,,,,,,,,,,,,,,,,,
Bush,1,41,2,I,ask,you,to,be,citizens,:,citizens,",",not,spectators,;,citizens,",",not,subjects,;,responsible,citizens,",",building,communities,of,service,and,a,nation,of,character,.,,,,,,,,,,,,,,,,,,,,,,,,,,,,,,,,,,,,,,
Bush,1,42,0,Americans,are,generous,and,strong,and,decent,",",not,because,we,believe,in,ourselves,",",but,because,we,hold,beliefs,beyond,ourselves,.,,,,,,,,,,,,,,,,,,,,,,,,,,,,,,,,,,,,,,,,,,,,,
Bush,1,42,1,When,this,spirit,of,citizenship,is,missing,",",no,government,program,can,replace,it,.,,,,,,,,,,,,,,,,,,,,,,,,,,,,,,,,,,,,,,,,,,,,,,,,,,,,,
Bush,1,42,2,When,this,spirit,is,present,",",no,wrong,can,stand,against,it,.,,,,,,,,,,,,,,,,,,,,,,,,,,,,,,,,,,,,,,,,,,,,,,,,,,,,,,,
Bush,1,43,0,After,the,Declaration,of,Independence,was,signed,",",Virginia,statesman,John,Page,wrote,to,Thomas,Jefferson,:,"""",We,know,the,race,is,not,to,the,swift,nor,the,battle,to,the,strong,.,,,,,,,,,,,,,,,,,,,,,,,,,,,,,,,,,,
Bush,1,43,1,Do,you,not,think,an,angel,rides,in,the,whirlwind,and,directs,this,storm,"?""",,,,,,,,,,,,,,,,,,,,,,,,,,,,,,,,,,,,,,,,,,,,,,,,,,,,,
Bush,1,44,0,Much,time,has,passed,since,Jefferson,arrived,for,his,inauguration,.,,,,,,,,,,,,,,,,,,,,,,,,,,,,,,,,,,,,,,,,,,,,,,,,,,,,,,,,,
Bush,1,44,1,The,years,and,changes,accumulate,.,,,,,,,,,,,,,,,,,,,,,,,,,,,,,,,,,,,,,,,,,,,,,,,,,,,,,,,,,,,,,,
Bush,1,44,2,But,the,themes,of,this,day,he,would,know,:,our,nation,',s,grand,story,of,courage,and,its,simple,dream,of,dignity,.,,,,,,,,,,,,,,,,,,,,,,,,,,,,,,,,,,,,,,,,,,,
Bush,1,45,0,We,are,not,this,story,',s,author,",",who,fills,time,and,eternity,with,his,purpose,.,,,,,,,,,,,,,,,,,,,,,,,,,,,,,,,,,,,,,,,,,,,,,,,,,,
Bush,1,45,1,Yet,his,purpose,is,achieved,in,our,duty,",",and,our,duty,is,fulfilled,in,service,to,one,another,.,,,,,,,,,,,,,,,,,,,,,,,,,,,,,,,,,,,,,,,,,,,,,,,,
Bush,1,46,0,Never,tiring,",",never,yielding,",",never,finishing,",",we,renew,that,purpose,today,",",to,make,our,country,more,just,and,generous,",",to,affirm,the,dignity,of,our,lives,and,every,life,.,,,,,,,,,,,,,,,,,,,,,,,,,,,,,,,,,
Bush,1,47,0,This,work,continues,.,,,,,,,,,,,,,,,,,,,,,,,,,,,,,,,,,,,,,,,,,,,,,,,,,,,,,,,,,,,,,,,,
Bush,1,47,1,This,story,goes,on,.,,,,,,,,,,,,,,,,,,,,,,,,,,,,,,,,,,,,,,,,,,,,,,,,,,,,,,,,,,,,,,,
Bush,1,47,2,And,an,angel,still,rides,in,the,whirlwind,and,directs,this,storm,.,,,,,,,,,,,,,,,,,,,,,,,,,,,,,,,,,,,,,,,,,,,,,,,,,,,,,,,
Bush,1,48,0,God,bless,you,all,",",and,God,bless,America,.,,,,,,,,,,,,,,,,,,,,,,,,,,,,,,,,,,,,,,,,,,,,,,,,,,,,,,,,,,
Bush,2,0,0,Vice,President,Cheney,",",Mr,.,Chief,Justice,",",President,Carter,",",President,Bush,",",President,Clinton,",",members,of,the,United,States,Congress,",",reverend,clergy,",",distinguished,guests,",",fellow,citizens,:,On,this,day,",",prescribed,by,law,and,marked,by,ceremony,",",we,celebrate,the,durable,wisdom,of,our,Constitution,",",and,recall,the,deep,commitments,that,unite,our,country,.,,,
Bush,2,0,1,I,am,grateful,for,the,honor,of,this,hour,",",mindful,of,the,consequential,times,in,which,we,live,",",and,determined,to,fulfill,the,oath,that,I,have,sworn,and,you,have,witnessed,.,,,,,,,,,,,,,,,,,,,,,,,,,,,,,,,,,
Bush,2,0,2,At,this,second,gathering,",",our,duties,are,defined,not,by,the,words,I,use,",",but,by,the,history,we,have,seen,together,.,,,,,,,,,,,,,,,,,,,,,,,,,,,,,,,,,,,,,,,,,,,
Bush,2,0,3,For,a,half,a,century,",",America,defended,our,own,freedom,by,standing,watch,on,distant,borders,.,,,,,,,,,,,,,,,,,,,,,,,,,,,,,,,,,,,,,,,,,,,,,,,,,,
Bush,2,0,4,After,the,shipwreck,of,communism,came,years,of,relative,quiet,",",years,of,repose,",",years,of,sabbatical,¡,Xand,then,there,came,a,day,of,fire,.,,,,,,,,,,,,,,,,,,,,,,,,,,,,,,,,,,,,,,,,
Bush,2,0,5,We,have,seen,our,vulnerability,¡,Xand,we,have,seen,its,deepest,source,.,,,,,,,,,,,,,,,,,,,,,,,,,,,,,,,,,,,,,,,,,,,,,,,,,,,,,,
Bush,2,0,6,For,as,long,as,whole,regions,of,the,world,simmer,in,resentment,and,tyranny,¡,Xprone,to,ideologies,that,feed,hatred,and,excuse,murder,¡,Xviolence,will,gather,",",and,multiply,in,destructive,power,",",and,cross,the,most,defended,borders,",",and,raise,a,mortal,threat,.,,,,,,,,,,,,,,,,,,,,
Bush,2,0,7,There,is,only,one,force,of,history,that,can,break,the,reign,of,hatred,and,resentment,",",and,expose,the,pretensions,of,tyrants,",",and,reward,the,hopes,of,the,decent,and,tolerant,",",and,that,is,the,force,of,human,freedom,.,,,,,,,,,,,,,,,,,,,,,,,,,
Bush,2,0,8,We,are,led,",",by,events,and,common,sense,",",to,one,conclusion,:,The,survival,of,liberty,in,our,land,increasingly,depends,on,the,success,of,liberty,in,other,lands,.,,,,,,,,,,,,,,,,,,,,,,,,,,,,,,,,,,,,
Bush,2,0,9,The,best,hope,for,peace,in,our,world,is,the,expansion,of,freedom,in,all,the,world,.,,,,,,,,,,,,,,,,,,,,,,,,,,,,,,,,,,,,,,,,,,,,,,,,,,
Bush,2,0,10,America,¡¦,s,vital,interests,and,our,deepest,beliefs,are,now,one,.,,,,,,,,,,,,,,,,,,,,,,,,,,,,,,,,,,,,,,,,,,,,,,,,,,,,,,,
Bush,2,0,11,From,the,day,of,our,Founding,",",we,have,proclaimed,that,every,man,and,woman,on,this,earth,has,rights,",",and,dignity,",",and,matchless,value,",",because,they,bear,the,image,of,the,Maker,of,Heaven,and,earth,.,,,,,,,,,,,,,,,,,,,,,,,,,,,
Bush,2,0,12,Across,the,generations,we,have,proclaimed,the,imperative,of,self,-,government,",",because,no,one,is,fit,to,be,a,master,",",and,no,one,deserves,to,be,a,slave,.,,,,,,,,,,,,,,,,,,,,,,,,,,,,,,,,,,,,
Bush,2,0,13,Advancing,these,ideals,is,the,mission,that,created,our,Nation,.,,,,,,,,,,,,,,,,,,,,,,,,,,,,,,,,,,,,,,,,,,,,,,,,,,,,,,,,,
Bush,2,0,14,It,is,the,honorable,achievement,of,our,fathers,.,,,,,,,,,,,,,,,,,,,,,,,,,,,,,,,,,,,,,,,,,,,,,,,,,,,,,,,,,,,
Bush,2,0,15,Now,it,is,the,urgent,requirement,of,our,nation,¡¦,s,security,",",and,the,calling,of,our,time,.,,,,,,,,,,,,,,,,,,,,,,,,,,,,,,,,,,,,,,,,,,,,,,,,
Bush,2,0,16,So,it,is,the,policy,of,the,United,States,to,seek,and,support,the,growth,of,democratic,movements,and,institutions,in,every,nation,and,culture,",",with,the,ultimate,goal,of,ending,tyranny,in,our,world,.,,,,,,,,,,,,,,,,,,,,,,,,,,,,,,,
Bush,2,0,17,This,is,not,primarily,the,task,of,arms,",",though,we,will,defend,ourselves,and,our,friends,by,force,of,arms,when,necessary,.,,,,,,,,,,,,,,,,,,,,,,,,,,,,,,,,,,,,,,,,,,,,
Bush,2,0,18,Freedom,",",by,its,nature,",",must,be,chosen,",",and,defended,by,citizens,",",and,sustained,by,the,rule,of,law,and,the,protection,of,minorities,.,,,,,,,,,,,,,,,,,,,,,,,,,,,,,,,,,,,,,,,,
Bush,2,0,19,And,when,the,soul,of,a,nation,finally,speaks,",",the,institutions,that,arise,may,reflect,customs,and,traditions,very,different,from,our,own,.,,,,,,,,,,,,,,,,,,,,,,,,,,,,,,,,,,,,,,,,,,,
Bush,2,0,20,America,will,not,impose,our,own,style,of,government,on,the,unwilling,.,,,,,,,,,,,,,,,,,,,,,,,,,,,,,,,,,,,,,,,,,,,,,,,,,,,,,,,
Bush,2,0,21,Our,goal,instead,is,to,help,others,find,their,own,voice,",",attain,their,own,freedom,",",and,make,their,own,way,.,,,,,,,,,,,,,,,,,,,,,,,,,,,,,,,,,,,,,,,,,,,,,
Bush,2,0,22,The,great,objective,of,ending,tyranny,is,the,concentrated,work,of,generations,.,,,,,,,,,,,,,,,,,,,,,,,,,,,,,,,,,,,,,,,,,,,,,,,,,,,,,,,
Bush,2,0,23,The,difficulty,of,the,task,is,no,excuse,for,avoiding,it,.,,,,,,,,,,,,,,,,,,,,,,,,,,,,,,,,,,,,,,,,,,,,,,,,,,,,,,,,
Bush,2,0,24,America,¡¦,s,influence,is,not,unlimited,",",but,fortunately,for,the,oppressed,",",America,¡¦,s,influence,is,considerable,",",and,we,will,use,it,confidently,in,freedom,¡¦,s,cause,.,,,,,,,,,,,,,,,,,,,,,,,,,,,,,,,,,,,
Bush,2,0,25,My,most,solemn,duty,is,to,protect,this,nation,and,its,people,from,further,attacks,and,emerging,threats,.,,,,,,,,,,,,,,,,,,,,,,,,,,,,,,,,,,,,,,,,,,,,,,,,,
Bush,2,0,26,Some,have,unwisely,chosen,to,test,America,¡¦,s,resolve,",",and,have,found,it,firm,.,,,,,,,,,,,,,,,,,,,,,,,,,,,,,,,,,,,,,,,,,,,,,,,,,,,
Bush,2,0,27,We,will,persistently,clarify,the,choice,before,every,ruler,and,every,nation,:,The,moral,choice,between,oppression,",",which,is,always,wrong,",",and,freedom,",",which,is,eternally,right,.,,,,,,,,,,,,,,,,,,,,,,,,,,,,,,,,,,,,
Bush,2,0,28,America,will,not,pretend,that,jailed,dissidents,prefer,their,chains,",",or,that,women,welcome,humiliation,and,servitude,",",or,that,any,human,being,aspires,to,live,at,the,mercy,of,bullies,.,,,,,,,,,,,,,,,,,,,,,,,,,,,,,,,,,,,
Bush,2,0,29,We,will,encourage,reform,in,other,governments,by,making,clear,that,success,in,our,relations,will,require,the,decent,treatment,of,their,own,people,.,,,,,,,,,,,,,,,,,,,,,,,,,,,,,,,,,,,,,,,,,,,
Bush,2,0,30,America,¡¦,s,belief,in,human,dignity,will,guide,our,policies,",",yet,rights,must,be,more,than,the,grudging,concessions,of,dictators,;,they,are,secured,by,free,dissent,and,the,participation,of,the,governed,.,,,,,,,,,,,,,,,,,,,,,,,,,,,,,,,
Bush,2,0,31,In,the,long,run,",",there,is,no,justice,without,freedom,",",and,there,can,be,no,human,rights,without,human,liberty,.,,,,,,,,,,,,,,,,,,,,,,,,,,,,,,,,,,,,,,,,,,,,,
Bush,2,0,32,Some,",",I,know,",",have,questioned,the,global,appeal,of,liberty,¡,Xthough,this,time,in,history,",",four,decades,defined,by,the,swiftest,advance,of,freedom,ever,seen,",",is,an,odd,time,for,doubt,.,,,,,,,,,,,,,,,,,,,,,,,,,,,,,,
Bush,2,0,33,Americans,",",of,all,people,",",should,never,be,surprised,by,the,power,of,our,ideals,.,,,,,,,,,,,,,,,,,,,,,,,,,,,,,,,,,,,,,,,,,,,,,,,,,,,
Bush,2,0,34,Eventually,",",the,call,of,freedom,comes,to,every,mind,and,every,soul,.,,,,,,,,,,,,,,,,,,,,,,,,,,,,,,,,,,,,,,,,,,,,,,,,,,,,,,
Bush,2,0,35,We,do,not,accept,the,existence,of,permanent,tyranny,because,we,do,not,accept,the,possibility,of,permanent,slavery,.,,,,,,,,,,,,,,,,,,,,,,,,,,,,,,,,,,,,,,,,,,,,,,,,
Bush,2,0,36,Liberty,will,come,to,those,who,love,it,.,,,,,,,,,,,,,,,,,,,,,,,,,,,,,,,,,,,,,,,,,,,,,,,,,,,,,,,,,,,
Bush,2,0,37,Today,",",America,speaks,anew,to,the,peoples,of,the,world,:,All,who,live,in,tyranny,and,hopelessness,can,know,:,the,United,States,will,not,ignore,your,oppression,",",or,excuse,your,oppressors,.,,,,,,,,,,,,,,,,,,,,,,,,,,,,,,,,
Bush,2,0,38,When,you,stand,for,your,liberty,",",we,will,stand,with,you,.,,,,,,,,,,,,,,,,,,,,,,,,,,,,,,,,,,,,,,,,,,,,,,,,,,,,,,,
Bush,2,0,39,Democratic,reformers,facing,repression,",",prison,",",or,exile,can,know,:,America,sees,you,for,who,you,are,:,the,future,leaders,of,your,free,country,.,,,,,,,,,,,,,,,,,,,,,,,,,,,,,,,,,,,,,,,,
Bush,2,0,40,The,rulers,of,outlaw,regimes,can,know,that,we,still,believe,as,Abraham,Lincoln,did,:,¡§,Those,who,deny,freedom,to,others,deserve,it,not,for,themselves,;,and,",",under,the,rule,of,a,just,God,",",cannot,long,retain,it,.¡¨,The,leaders,of,governments,with,long,habits,of,control,need,to,know,:,To,serve,your,people,you,must,learn,to,trust,them,.
Bush,2,0,41,Start,on,this,journey,of,progress,and,justice,",",and,America,will,walk,at,your,side,.,,,,,,,,,,,,,,,,,,,,,,,,,,,,,,,,,,,,,,,,,,,,,,,,,,,
Bush,2,0,42,And,all,the,allies,of,the,United,States,can,know,:,we,honor,your,friendship,",",we,rely,on,your,counsel,",",and,we,depend,on,your,help,.,,,,,,,,,,,,,,,,,,,,,,,,,,,,,,,,,,,,,,,
Bush,2,0,43,Division,among,free,nations,is,a,primary,goal,of,freedom,¡¦,s,enemies,.,,,,,,,,,,,,,,,,,,,,,,,,,,,,,,,,,,,,,,,,,,,,,,,,,,,,,,
Bush,2,0,44,The,concerted,effort,of,free,nations,to,promote,democracy,is,a,prelude,to,our,enemies,¡¦,defeat,.,,,,,,,,,,,,,,,,,,,,,,,,,,,,,,,,,,,,,,,,,,,,,,,,,,
Bush,2,0,45,Today,",",I,also,speak,anew,to,my,fellow,citizens,:,From,all,of,you,",",I,have,asked,patience,in,the,hard,task,of,securing,America,",",which,you,have,granted,in,good,measure,.,,,,,,,,,,,,,,,,,,,,,,,,,,,,,,,,
Bush,2,0,46,Our,country,has,accepted,obligations,that,are,difficult,to,fulfill,",",and,would,be,dishonorable,to,abandon,.,,,,,,,,,,,,,,,,,,,,,,,,,,,,,,,,,,,,,,,,,,,,,,,,,,
Bush,2,0,47,Yet,because,we,have,acted,in,the,great,liberating,tradition,of,this,nation,",",tens,of,millions,have,achieved,their,freedom,.,,,,,,,,,,,,,,,,,,,,,,,,,,,,,,,,,,,,,,,,,,,,,,
Bush,2,0,48,And,as,hope,kindles,hope,",",millions,more,will,find,it,.,,,,,,,,,,,,,,,,,,,,,,,,,,,,,,,,,,,,,,,,,,,,,,,,,,,,,,,,
Bush,2,0,49,By,our,efforts,",",we,have,lit,a,fire,as,well,¡,Xa,fire,in,the,minds,of,men,.,,,,,,,,,,,,,,,,,,,,,,,,,,,,,,,,,,,,,,,,,,,,,,,,
Bush,2,0,50,It,warms,those,who,feel,its,power,",",it,burns,those,who,fight,its,progress,",",and,one,day,this,untamed,fire,of,freedom,will,reach,the,darkest,corners,of,our,world,.,,,,,,,,,,,,,,,,,,,,,,,,,,,,,,,,,,,
Bush,2,0,51,A,few,Americans,have,accepted,the,hardest,duties,in,this,cause,¡,Xin,the,quiet,work,of,intelligence,and,diplomacy,¡,K,the,idealistic,work,of,helping,raise,up,free,governments,¡,K,the,dangerous,and,necessary,work,of,fighting,our,enemies,.,,,,,,,,,,,,,,,,,,,,,,,,,
Bush,2,0,52,Some,have,shown,their,devotion,to,our,country,in,deaths,that,honored,their,whole,lives,¡,Xand,we,will,always,honor,their,names,and,their,sacrifice,.,,,,,,,,,,,,,,,,,,,,,,,,,,,,,,,,,,,,,,,,,
Bush,2,0,53,All,Americans,have,witnessed,this,idealism,",",and,some,for,the,first,time,.,,,,,,,,,,,,,,,,,,,,,,,,,,,,,,,,,,,,,,,,,,,,,,,,,,,,,,
Bush,2,0,54,I,ask,our,youngest,citizens,to,believe,the,evidence,of,your,eyes,.,,,,,,,,,,,,,,,,,,,,,,,,,,,,,,,,,,,,,,,,,,,,,,,,,,,,,,,
Bush,2,0,55,You,have,seen,duty,and,allegiance,in,the,determined,faces,of,our,soldiers,.,,,,,,,,,,,,,,,,,,,,,,,,,,,,,,,,,,,,,,,,,,,,,,,,,,,,,,
Bush,2,0,56,You,have,seen,that,life,is,fragile,",",and,evil,is,real,",",and,courage,triumphs,.,,,,,,,,,,,,,,,,,,,,,,,,,,,,,,,,,,,,,,,,,,,,,,,,,,,
Bush,2,0,57,Make,the,choice,to,serve,in,a,cause,larger,than,your,wants,",",larger,than,yourself,¡,Xand,in,your,days,you,will,add,not,just,to,the,wealth,of,our,country,",",but,to,its,character,.,,,,,,,,,,,,,,,,,,,,,,,,,,,,,,
Bush,2,0,58,America,has,need,of,idealism,and,courage,",",because,we,have,essential,work,at,home,¡,Xthe,unfinished,work,of,American,freedom,.,,,,,,,,,,,,,,,,,,,,,,,,,,,,,,,,,,,,,,,,,,,,,
Bush,2,0,59,In,a,world,moving,toward,liberty,",",we,are,determined,to,show,the,meaning,and,promise,of,liberty,.,,,,,,,,,,,,,,,,,,,,,,,,,,,,,,,,,,,,,,,,,,,,,,,,,
Bush,2,0,60,In,America,¡¦,s,ideal,of,freedom,",",citizens,find,the,dignity,and,security,of,economic,independence,",",instead,of,laboring,on,the,edge,of,subsistence,.,,,,,,,,,,,,,,,,,,,,,,,,,,,,,,,,,,,,,,,,,
Bush,2,0,61,This,is,the,broader,definition,of,liberty,that,motivated,the,Homestead,Act,",",the,Social,Security,Act,",",and,the,G,.,I,.,,,,,,,,,,,,,,,,,,,,,,,,,,,,,,,,,,,,,,,,,,,,
Bush,2,0,62,Bill,of,Rights,.,,,,,,,,,,,,,,,,,,,,,,,,,,,,,,,,,,,,,,,,,,,,,,,,,,,,,,,,,,,,,,,,
Bush,2,0,63,And,now,we,will,extend,this,vision,by,reforming,great,institutions,to,serve,the,needs,of,our,time,.,,,,,,,,,,,,,,,,,,,,,,,,,,,,,,,,,,,,,,,,,,,,,,,,,
Bush,2,0,64,To,give,every,American,a,stake,in,the,promise,and,future,of,our,country,",",we,will,bring,the,highest,standards,to,our,schools,",",and,build,an,ownership,society,.,,,,,,,,,,,,,,,,,,,,,,,,,,,,,,,,,,,,,
Bush,2,0,65,We,will,widen,the,ownership,of,homes,and,businesses,",",retirement,savings,and,health,insurance,¡,Xpreparing,our,people,for,the,challenges,of,life,in,a,free,society,.,,,,,,,,,,,,,,,,,,,,,,,,,,,,,,,,,,,,,,,
Bush,2,0,66,By,making,every,citizen,an,agent,of,his,or,her,own,destiny,",",we,will,give,our,fellow,Americans,greater,freedom,from,want,and,fear,",",and,make,our,society,more,prosperous,and,just,and,equal,.,,,,,,,,,,,,,,,,,,,,,,,,,,,,,,,
Bush,2,0,67,In,America,¡¦,s,ideal,of,freedom,",",the,public,interest,depends,on,private,character,¡,Xon,integrity,",",and,tolerance,toward,others,",",and,the,rule,of,conscience,in,our,own,lives,.,,,,,,,,,,,,,,,,,,,,,,,,,,,,,,,,,,
Bush,2,0,68,Self,-,government,relies,",",in,the,end,",",on,the,governing,of,the,self,.,,,,,,,,,,,,,,,,,,,,,,,,,,,,,,,,,,,,,,,,,,,,,,,,,,,,
Bush,2,0,69,That,edifice,of,character,is,built,in,families,",",supported,by,communities,with,standards,",",and,sustained,in,our,national,life,by,the,truths,of,Sinai,",",the,Sermon,on,the,Mount,",",the,words,of,the,Koran,",",and,the,varied,faiths,of,our,people,.,,,,,,,,,,,,,,,,,,,,,
Bush,2,0,70,Americans,move,forward,in,every,generation,by,reaffirming,all,that,is,good,and,true,that,came,before,¡,Xideals,of,justice,and,conduct,that,are,the,same,yesterday,",",today,",",and,forever,.,,,,,,,,,,,,,,,,,,,,,,,,,,,,,,,,,,
Bush,2,0,71,In,America,¡¦,s,ideal,of,freedom,",",the,exercise,of,rights,is,ennobled,by,service,",",and,mercy,",",and,a,heart,for,the,weak,.,,,,,,,,,,,,,,,,,,,,,,,,,,,,,,,,,,,,,,,,,
Bush,2,0,72,Liberty,for,all,does,not,mean,independence,from,one,another,.,,,,,,,,,,,,,,,,,,,,,,,,,,,,,,,,,,,,,,,,,,,,,,,,,,,,,,,,,
Bush,2,0,73,Our,nation,relies,on,men,and,women,who,look,after,a,neighbor,and,surround,the,lost,with,love,.,,,,,,,,,,,,,,,,,,,,,,,,,,,,,,,,,,,,,,,,,,,,,,,,,
Bush,2,0,74,Americans,",",at,our,best,",",value,the,life,we,see,in,one,another,",",and,must,always,remember,that,even,the,unwanted,have,worth,.,,,,,,,,,,,,,,,,,,,,,,,,,,,,,,,,,,,,,,,,,,
Bush,2,0,75,And,our,country,must,abandon,all,the,habits,of,racism,",",because,we,cannot,carry,the,message,of,freedom,and,the,baggage,of,bigotry,at,the,same,time,.,,,,,,,,,,,,,,,,,,,,,,,,,,,,,,,,,,,,,,,
Bush,2,0,76,From,the,perspective,of,a,single,day,",",including,this,day,of,dedication,",",the,issues,and,questions,before,our,country,are,many,.,,,,,,,,,,,,,,,,,,,,,,,,,,,,,,,,,,,,,,,,,,,,
Bush,2,0,77,From,the,viewpoint,of,centuries,",",the,questions,that,come,to,us,are,narrowed,and,few,.,,,,,,,,,,,,,,,,,,,,,,,,,,,,,,,,,,,,,,,,,,,,,,,,,,,
Bush,2,0,78,Did,our,generation,advance,the,cause,of,freedom,?,,,,,,,,,,,,,,,,,,,,,,,,,,,,,,,,,,,,,,,,,,,,,,,,,,,,,,,,,,,
Bush,2,0,79,And,did,our,character,bring,credit,to,that,cause,?,,,,,,,,,,,,,,,,,,,,,,,,,,,,,,,,,,,,,,,,,,,,,,,,,,,,,,,,,,
Bush,2,0,80,These,questions,that,judge,us,also,unite,us,",",because,Americans,of,every,party,and,background,",",Americans,by,choice,and,by,birth,",",are,bound,to,one,another,in,the,cause,of,freedom,.,,,,,,,,,,,,,,,,,,,,,,,,,,,,,,,,,
Bush,2,0,81,We,have,known,divisions,",",which,must,be,healed,to,move,forward,in,great,purposes,¡,Xand,I,will,strive,in,good,faith,to,heal,them,.,,,,,,,,,,,,,,,,,,,,,,,,,,,,,,,,,,,,,,,,,
Bush,2,0,82,Yet,those,divisions,do,not,define,America,.,,,,,,,,,,,,,,,,,,,,,,,,,,,,,,,,,,,,,,,,,,,,,,,,,,,,,,,,,,,,
Bush,2,0,83,We,felt,the,unity,and,fellowship,of,our,nation,when,freedom,came,under,attack,",",and,our,response,came,like,a,single,hand,over,a,single,heart,.,,,,,,,,,,,,,,,,,,,,,,,,,,,,,,,,,,,,,,,,
Bush,2,0,84,And,we,can,feel,that,same,unity,and,pride,whenever,America,acts,for,good,",",and,the,victims,of,disaster,are,given,hope,",",and,the,unjust,encounter,justice,",",and,the,captives,are,set,free,.,,,,,,,,,,,,,,,,,,,,,,,,,,,,,,,
Bush,2,0,85,We,go,forward,with,complete,confidence,in,the,eventual,triumph,of,freedom,.,,,,,,,,,,,,,,,,,,,,,,,,,,,,,,,,,,,,,,,,,,,,,,,,,,,,,,,
Bush,2,0,86,Not,because,history,runs,on,the,wheels,of,inevitability,;,it,is,human,choices,that,move,events,.,,,,,,,,,,,,,,,,,,,,,,,,,,,,,,,,,,,,,,,,,,,,,,,,,,
Bush,2,0,87,Not,because,we,consider,ourselves,a,chosen,nation,;,God,moves,and,chooses,as,He,wills,.,,,,,,,,,,,,,,,,,,,,,,,,,,,,,,,,,,,,,,,,,,,,,,,,,,,
Bush,2,0,88,We,have,confidence,because,freedom,is,the,permanent,hope,of,mankind,",",the,hunger,in,dark,places,",",the,longing,of,the,soul,.,,,,,,,,,,,,,,,,,,,,,,,,,,,,,,,,,,,,,,,,,,,,
Bush,2,0,89,When,our,Founders,declared,a,new,order,of,the,ages,;,when,soldiers,died,in,wave,upon,wave,for,a,union,based,on,liberty,;,when,citizens,marched,in,peaceful,outrage,under,the,banner,¡§,Freedom,Now,¡¨¡,Xthey,were,acting,on,an,ancient,hope,that,is,meant,to,be,fulfilled,.,,,,,,,,,,,,,,,,
Bush,2,0,90,History,has,an,ebb,and,flow,of,justice,",",but,history,also,has,a,visible,direction,",",set,by,liberty,and,the,Author,of,Liberty,.,,,,,,,,,,,,,,,,,,,,,,,,,,,,,,,,,,,,,,,,,,
Bush,2,0,91,When,the,Declaration,of,Independence,was,first,read,in,public,and,the,Liberty,Bell,was,sounded,in,celebration,",",a,witness,said,",",¡§,It,rang,as,if,it,meant,something,.¡¨,In,our,time,it,means,something,still,.,,,,,,,,,,,,,,,,,,,,,,,,,,,,
Bush,2,0,92,America,",",in,this,young,century,",",proclaims,liberty,throughout,all,the,world,",",and,to,all,the,inhabitants,thereof,.,,,,,,,,,,,,,,,,,,,,,,,,,,,,,,,,,,,,,,,,,,,,,,,
Bush,2,0,93,Renewed,in,our,strength,¡,Xtested,",",but,not,weary,¡,Xwe,are,ready,for,the,greatest,achievements,in,the,history,of,freedom,.,,,,,,,,,,,,,,,,,,,,,,,,,,,,,,,,,,,,,,,,,,,,
Bush,2,0,94,May,God,bless,you,",",and,may,He,watch,over,the,United,States,of,America,.,,,,,,,,,,,,,,,,,,,,,,,,,,,,,,,,,,,,,,,,,,,,,,,,,,,,
