Author name,Document index,Paragraph index,Sentence index,Word 1,Word 2,Word 3,Word 4,Word 5,Word 6,Word 7,Word 8,Word 9,Word 10,Word 11,Word 12,Word 13,Word 14,Word 15,Word 16,Word 17,Word 18,Word 19,Word 20,Word 21,Word 22,Word 23,Word 24,Word 25,Word 26,Word 27,Word 28,Word 29,Word 30,Word 31,Word 32,Word 33,Word 34,Word 35,Word 36,Word 37,Word 38,Word 39,Word 40,Word 41,Word 42,Word 43,Word 44,Word 45,Word 46,Word 47,Word 48,Word 49,Word 50,Word 51,Word 52,Word 53,Word 54,Word 55,Word 56,Word 57,Word 58,Word 59,Word 60,Word 61,Word 62,Word 63,Word 64,Word 65,Word 66,Word 67,Word 68,Word 69,Word 70,Word 71,Word 72,Word 73,Word 74,Word 75,Word 76,Word 77,Word 78,Word 79,Word 80,Word 81,Word 82,Word 83,Word 84,Word 85,Word 86,Word 87,Word 88,Word 89,Word 90,Word 91,Word 92,Word 93,Word 94,Word 95,Word 96,Word 97,Word 98
Obama,0,0,0,My,fellow,citizens,:,,,,,,,,,,,,,,,,,,,,,,,,,,,,,,,,,,,,,,,,,,,,,,,,,,,,,,,,,,,,,,,,,,,,,,,,,,,,,,,,,,,,,,,,,,,,,,
Obama,0,1,0,I,stand,here,today,humbled,by,the,task,before,us,",",grateful,for,the,trust,you,have,bestowed,",",mindful,of,the,sacrifices,borne,by,our,ancestors,.,,,,,,,,,,,,,,,,,,,,,,,,,,,,,,,,,,,,,,,,,,,,,,,,,,,,,,,,,,,,,,,,,,,,,,
Obama,0,1,1,I,thank,President,Bush,for,his,service,to,our,nation,",",as,well,as,the,generosity,and,cooperation,he,has,shown,throughout,this,transition,.,,,,,,,,,,,,,,,,,,,,,,,,,,,,,,,,,,,,,,,,,,,,,,,,,,,,,,,,,,,,,,,,,,,,,,,,,
Obama,0,2,0,Forty,-,four,Americans,have,now,taken,the,presidential,oath,.,,,,,,,,,,,,,,,,,,,,,,,,,,,,,,,,,,,,,,,,,,,,,,,,,,,,,,,,,,,,,,,,,,,,,,,,,,,,,,,,,,,,,,,
Obama,0,2,1,The,words,have,been,spoken,during,rising,tides,of,prosperity,and,the,still,waters,of,peace,.,,,,,,,,,,,,,,,,,,,,,,,,,,,,,,,,,,,,,,,,,,,,,,,,,,,,,,,,,,,,,,,,,,,,,,,,,,,,,,,,,
Obama,0,2,2,Yet,",",every,so,often,the,oath,is,taken,amidst,gathering,clouds,and,raging,storms,.,,,,,,,,,,,,,,,,,,,,,,,,,,,,,,,,,,,,,,,,,,,,,,,,,,,,,,,,,,,,,,,,,,,,,,,,,,,,,,,,,,
Obama,0,2,3,At,these,moments,",",America,has,carried,on,not,simply,because,of,the,skill,or,vision,of,those,in,high,office,",",but,because,We,the,People,have,remained,faithful,to,the,ideals,of,our,forbearers,",",and,true,to,our,founding,documents,.,,,,,,,,,,,,,,,,,,,,,,,,,,,,,,,,,,,,,,,,,,,,,,,,,,,,,,
Obama,0,3,0,So,it,has,been,.,,,,,,,,,,,,,,,,,,,,,,,,,,,,,,,,,,,,,,,,,,,,,,,,,,,,,,,,,,,,,,,,,,,,,,,,,,,,,,,,,,,,,,,,,,,,,
Obama,0,3,1,So,it,must,be,with,this,generation,of,Americans,.,,,,,,,,,,,,,,,,,,,,,,,,,,,,,,,,,,,,,,,,,,,,,,,,,,,,,,,,,,,,,,,,,,,,,,,,,,,,,,,,,,,,,,,,
Obama,0,4,0,That,we,are,in,the,midst,of,crisis,is,now,well,understood,.,,,,,,,,,,,,,,,,,,,,,,,,,,,,,,,,,,,,,,,,,,,,,,,,,,,,,,,,,,,,,,,,,,,,,,,,,,,,,,,,,,,,,
Obama,0,4,1,Our,nation,is,at,war,",",against,a,far,-,reaching,network,of,violence,and,hatred,.,,,,,,,,,,,,,,,,,,,,,,,,,,,,,,,,,,,,,,,,,,,,,,,,,,,,,,,,,,,,,,,,,,,,,,,,,,,,,,,,,
Obama,0,4,2,Our,economy,is,badly,weakened,",",a,consequence,of,greed,and,irresponsibility,on,the,part,of,some,",",but,also,our,collective,failure,to,make,hard,choices,and,prepare,the,nation,for,a,new,age,.,,,,,,,,,,,,,,,,,,,,,,,,,,,,,,,,,,,,,,,,,,,,,,,,,,,,,,,,,,,,,,
Obama,0,4,3,Homes,have,been,lost,;,jobs,shed,;,businesses,shuttered,.,,,,,,,,,,,,,,,,,,,,,,,,,,,,,,,,,,,,,,,,,,,,,,,,,,,,,,,,,,,,,,,,,,,,,,,,,,,,,,,,,,,,,,,
Obama,0,4,4,Our,health,care,is,too,costly,;,our,schools,fail,too,many,;,and,each,day,brings,further,evidence,that,the,ways,we,use,energy,strengthen,our,adversaries,and,threaten,our,planet,.,,,,,,,,,,,,,,,,,,,,,,,,,,,,,,,,,,,,,,,,,,,,,,,,,,,,,,,,,,,,,,,,,
Obama,0,5,0,These,are,the,indicators,of,crisis,",",subject,to,data,and,statistics,.,,,,,,,,,,,,,,,,,,,,,,,,,,,,,,,,,,,,,,,,,,,,,,,,,,,,,,,,,,,,,,,,,,,,,,,,,,,,,,,,,,,,,
Obama,0,5,1,Less,measurable,but,no,less,profound,is,a,sapping,of,confidence,across,our,land,--,a,nagging,fear,that,America,',s,decline,is,inevitable,",",that,the,next,generation,must,lower,its,sights,.,,,,,,,,,,,,,,,,,,,,,,,,,,,,,,,,,,,,,,,,,,,,,,,,,,,,,,,,,,,,,,,
Obama,0,6,0,Today,I,say,to,you,that,the,challenges,we,face,are,real,.,,,,,,,,,,,,,,,,,,,,,,,,,,,,,,,,,,,,,,,,,,,,,,,,,,,,,,,,,,,,,,,,,,,,,,,,,,,,,,,,,,,,,
Obama,0,6,1,They,are,serious,and,they,are,many,.,,,,,,,,,,,,,,,,,,,,,,,,,,,,,,,,,,,,,,,,,,,,,,,,,,,,,,,,,,,,,,,,,,,,,,,,,,,,,,,,,,,,,,,,,,
Obama,0,6,2,They,will,not,be,met,easily,or,in,a,short,span,of,time,.,,,,,,,,,,,,,,,,,,,,,,,,,,,,,,,,,,,,,,,,,,,,,,,,,,,,,,,,,,,,,,,,,,,,,,,,,,,,,,,,,,,,
Obama,0,6,3,But,know,this,",",America,--,they,will,be,met,.,,,,,,,,,,,,,,,,,,,,,,,,,,,,,,,,,,,,,,,,,,,,,,,,,,,,,,,,,,,,,,,,,,,,,,,,,,,,,,,,,,,,,,,
Obama,0,7,0,On,this,day,",",we,gather,because,we,have,chosen,hope,over,fear,",",unity,of,purpose,over,conflict,and,discord,.,,,,,,,,,,,,,,,,,,,,,,,,,,,,,,,,,,,,,,,,,,,,,,,,,,,,,,,,,,,,,,,,,,,,,,,,,,,,
Obama,0,8,0,On,this,day,",",we,come,to,proclaim,an,end,to,the,petty,grievances,and,false,promises,",",the,recriminations,and,worn,-,out,dogmas,that,for,far,too,long,have,strangled,our,politics,.,,,,,,,,,,,,,,,,,,,,,,,,,,,,,,,,,,,,,,,,,,,,,,,,,,,,,,,,,,,,,,,
Obama,0,9,0,We,remain,a,young,nation,",",but,in,the,words,of,Scripture,",",the,time,has,come,to,set,aside,childish,things,.,,,,,,,,,,,,,,,,,,,,,,,,,,,,,,,,,,,,,,,,,,,,,,,,,,,,,,,,,,,,,,,,,,,,,,,,,,,
Obama,0,9,1,The,time,has,come,to,reaffirm,our,enduring,spirit,;,to,choose,our,better,history,;,to,carry,forward,that,precious,gift,",",that,noble,idea,",",passed,on,from,generation,to,generation,:,the,God,-,given,promise,that,all,are,equal,",",all,are,free,",",and,all,deserve,a,chance,to,pursue,their,full,measure,of,happiness,.,,,,,,,,,,,,,,,,,,,,,,,,,,,,,,,,,,,,,
Obama,0,10,0,In,reaffirming,the,greatness,of,our,nation,",",we,understand,that,greatness,is,never,a,given,.,,,,,,,,,,,,,,,,,,,,,,,,,,,,,,,,,,,,,,,,,,,,,,,,,,,,,,,,,,,,,,,,,,,,,,,,,,,,,,,,,
Obama,0,10,1,It,must,be,earned,.,,,,,,,,,,,,,,,,,,,,,,,,,,,,,,,,,,,,,,,,,,,,,,,,,,,,,,,,,,,,,,,,,,,,,,,,,,,,,,,,,,,,,,,,,,,,,
Obama,0,10,2,Our,journey,has,never,been,one,of,shortcuts,or,settling,for,less,.,,,,,,,,,,,,,,,,,,,,,,,,,,,,,,,,,,,,,,,,,,,,,,,,,,,,,,,,,,,,,,,,,,,,,,,,,,,,,,,,,,,,,
Obama,0,10,3,It,has,not,been,the,path,for,the,faint,-,hearted,--,for,those,who,prefer,leisure,over,work,",",or,seek,only,the,pleasures,of,riches,and,fame,.,,,,,,,,,,,,,,,,,,,,,,,,,,,,,,,,,,,,,,,,,,,,,,,,,,,,,,,,,,,,,,,,,,,,
Obama,0,10,4,Rather,",",it,has,been,the,risk,-,takers,",",the,doers,",",the,makers,of,things,',some,celebrated,but,more,often,men,and,women,obscure,in,their,labor,",",who,have,carried,us,up,the,long,",",rugged,path,towards,prosperity,and,freedom,.,,,,,,,,,,,,,,,,,,,,,,,,,,,,,,,,,,,,,,,,,,,,,,,,,,,,
Obama,0,11,0,For,us,",",they,packed,up,their,few,worldly,possessions,and,traveled,across,oceans,in,search,of,a,new,life,.,,,,,,,,,,,,,,,,,,,,,,,,,,,,,,,,,,,,,,,,,,,,,,,,,,,,,,,,,,,,,,,,,,,,,,,,,,,,,
Obama,0,12,0,For,us,",",they,toiled,in,sweatshops,and,settled,the,West,;,endured,the,lash,of,the,whip,and,plowed,the,hard,earth,.,,,,,,,,,,,,,,,,,,,,,,,,,,,,,,,,,,,,,,,,,,,,,,,,,,,,,,,,,,,,,,,,,,,,,,,,,,
Obama,0,13,0,For,us,",",they,fought,and,died,",",in,places,like,Concord,and,Gettysburg,;,Normandy,and,Khe,Sahn,.,,,,,,,,,,,,,,,,,,,,,,,,,,,,,,,,,,,,,,,,,,,,,,,,,,,,,,,,,,,,,,,,,,,,,,,,,,,,,,
Obama,0,14,0,Time,and,again,these,men,and,women,struggled,and,sacrificed,and,worked,till,their,hands,were,raw,so,that,we,might,live,a,better,life,.,,,,,,,,,,,,,,,,,,,,,,,,,,,,,,,,,,,,,,,,,,,,,,,,,,,,,,,,,,,,,,,,,,,,,,,,
Obama,0,14,1,They,saw,America,as,bigger,than,the,sum,of,our,individual,ambitions,;,greater,than,all,the,differences,of,birth,or,wealth,or,faction,.,,,,,,,,,,,,,,,,,,,,,,,,,,,,,,,,,,,,,,,,,,,,,,,,,,,,,,,,,,,,,,,,,,,,,,,,,
Obama,0,15,0,This,is,the,journey,we,continue,today,.,,,,,,,,,,,,,,,,,,,,,,,,,,,,,,,,,,,,,,,,,,,,,,,,,,,,,,,,,,,,,,,,,,,,,,,,,,,,,,,,,,,,,,,,,,
Obama,0,15,1,We,remain,the,most,prosperous,",",powerful,nation,on,Earth,.,,,,,,,,,,,,,,,,,,,,,,,,,,,,,,,,,,,,,,,,,,,,,,,,,,,,,,,,,,,,,,,,,,,,,,,,,,,,,,,,,,,,,,,
Obama,0,15,2,Our,workers,are,no,less,productive,than,when,this,crisis,began,.,,,,,,,,,,,,,,,,,,,,,,,,,,,,,,,,,,,,,,,,,,,,,,,,,,,,,,,,,,,,,,,,,,,,,,,,,,,,,,,,,,,,,,
Obama,0,15,3,Our,minds,are,no,less,inventive,",",our,goods,and,services,no,less,needed,than,they,were,last,week,or,last,month,or,last,year,.,,,,,,,,,,,,,,,,,,,,,,,,,,,,,,,,,,,,,,,,,,,,,,,,,,,,,,,,,,,,,,,,,,,,,,,,
Obama,0,15,4,Our,capacity,remains,undiminished,.,,,,,,,,,,,,,,,,,,,,,,,,,,,,,,,,,,,,,,,,,,,,,,,,,,,,,,,,,,,,,,,,,,,,,,,,,,,,,,,,,,,,,,,,,,,,,
Obama,0,15,5,But,our,time,of,standing,pat,",",of,protecting,narrow,interests,and,putting,off,unpleasant,decisions,--,that,time,has,surely,passed,.,,,,,,,,,,,,,,,,,,,,,,,,,,,,,,,,,,,,,,,,,,,,,,,,,,,,,,,,,,,,,,,,,,,,,,,,,,,
Obama,0,15,6,Starting,today,",",we,must,pick,ourselves,up,",",dust,ourselves,off,",",and,begin,again,the,work,of,remaking,America,.,,,,,,,,,,,,,,,,,,,,,,,,,,,,,,,,,,,,,,,,,,,,,,,,,,,,,,,,,,,,,,,,,,,,,,,,,,,,
Obama,0,16,0,For,everywhere,we,look,",",there,is,work,to,be,done,.,,,,,,,,,,,,,,,,,,,,,,,,,,,,,,,,,,,,,,,,,,,,,,,,,,,,,,,,,,,,,,,,,,,,,,,,,,,,,,,,,,,,,,
Obama,0,16,1,The,state,of,our,economy,calls,for,action,",",bold,and,swift,",",and,we,will,act,--,not,only,to,create,new,jobs,",",but,to,lay,a,new,foundation,for,growth,.,,,,,,,,,,,,,,,,,,,,,,,,,,,,,,,,,,,,,,,,,,,,,,,,,,,,,,,,,,,,,,,,
Obama,0,16,2,We,will,build,the,roads,and,bridges,",",the,electric,grids,and,digital,lines,that,feed,our,commerce,and,bind,us,together,.,,,,,,,,,,,,,,,,,,,,,,,,,,,,,,,,,,,,,,,,,,,,,,,,,,,,,,,,,,,,,,,,,,,,,,,,,,,
Obama,0,16,3,We,will,restore,science,to,its,rightful,place,",",and,wield,technology,',s,wonders,to,raise,health,care,',s,quality,and,lower,its,cost,.,,,,,,,,,,,,,,,,,,,,,,,,,,,,,,,,,,,,,,,,,,,,,,,,,,,,,,,,,,,,,,,,,,,,,,,
Obama,0,16,4,We,will,harness,the,sun,and,the,winds,and,the,soil,to,fuel,our,cars,and,run,our,factories,.,,,,,,,,,,,,,,,,,,,,,,,,,,,,,,,,,,,,,,,,,,,,,,,,,,,,,,,,,,,,,,,,,,,,,,,,,,,,,,
Obama,0,16,5,And,we,will,transform,our,schools,and,colleges,and,universities,to,meet,the,demands,of,a,new,age,.,,,,,,,,,,,,,,,,,,,,,,,,,,,,,,,,,,,,,,,,,,,,,,,,,,,,,,,,,,,,,,,,,,,,,,,,,,,,,,,
Obama,0,16,6,All,this,we,can,do,.,,,,,,,,,,,,,,,,,,,,,,,,,,,,,,,,,,,,,,,,,,,,,,,,,,,,,,,,,,,,,,,,,,,,,,,,,,,,,,,,,,,,,,,,,,,,
Obama,0,16,7,All,this,we,will,do,.,,,,,,,,,,,,,,,,,,,,,,,,,,,,,,,,,,,,,,,,,,,,,,,,,,,,,,,,,,,,,,,,,,,,,,,,,,,,,,,,,,,,,,,,,,,,
Obama,0,17,0,Now,",",there,are,some,who,question,the,scale,of,our,ambitions,--,who,suggest,that,our,system,cannot,tolerate,too,many,big,plans,.,,,,,,,,,,,,,,,,,,,,,,,,,,,,,,,,,,,,,,,,,,,,,,,,,,,,,,,,,,,,,,,,,,,,,,,,,
Obama,0,17,1,Their,memories,are,short,.,,,,,,,,,,,,,,,,,,,,,,,,,,,,,,,,,,,,,,,,,,,,,,,,,,,,,,,,,,,,,,,,,,,,,,,,,,,,,,,,,,,,,,,,,,,,,
Obama,0,17,2,For,they,have,forgotten,what,this,country,has,already,done,;,what,free,men,and,women,can,achieve,when,imagination,is,joined,to,common,purpose,",",and,necessity,to,courage,.,,,,,,,,,,,,,,,,,,,,,,,,,,,,,,,,,,,,,,,,,,,,,,,,,,,,,,,,,,,,,,,,,,,
Obama,0,18,0,What,the,cynics,fail,to,understand,is,that,the,ground,has,shifted,beneath,them,--,that,the,stale,political,arguments,that,have,consumed,us,for,so,long,no,longer,apply,.,,,,,,,,,,,,,,,,,,,,,,,,,,,,,,,,,,,,,,,,,,,,,,,,,,,,,,,,,,,,,,,,,,,
Obama,0,18,1,The,question,we,ask,today,is,not,whether,our,government,is,too,big,or,too,small,",",but,whether,it,works,--,whether,it,helps,families,find,jobs,at,a,decent,wage,",",care,they,can,afford,",",a,retirement,that,is,dignified,.,,,,,,,,,,,,,,,,,,,,,,,,,,,,,,,,,,,,,,,,,,,,,,,,,,,,,,
Obama,0,18,2,Where,the,answer,is,yes,",",we,intend,to,move,forward,.,,,,,,,,,,,,,,,,,,,,,,,,,,,,,,,,,,,,,,,,,,,,,,,,,,,,,,,,,,,,,,,,,,,,,,,,,,,,,,,,,,,,,,
Obama,0,18,3,Where,the,answer,is,no,",",programs,will,end,.,,,,,,,,,,,,,,,,,,,,,,,,,,,,,,,,,,,,,,,,,,,,,,,,,,,,,,,,,,,,,,,,,,,,,,,,,,,,,,,,,,,,,,,,
Obama,0,18,4,And,those,of,us,who,manage,the,public,',s,dollars,will,be,held,to,account,--,to,spend,wisely,",",reform,bad,habits,",",and,do,our,business,in,the,light,of,day,--,because,only,then,can,we,restore,the,vital,trust,between,a,people,and,their,government,.,,,,,,,,,,,,,,,,,,,,,,,,,,,,,,,,,,,,,,,,,,,,,,,
Obama,0,19,0,Nor,is,the,question,before,us,whether,the,market,is,a,force,for,good,or,ill,.,Its,power,to,generate,wealth,and,expand,freedom,is,unmatched,",",but,this,crisis,has,reminded,us,that,without,a,watchful,eye,",",the,market,can,spin,out,of,control,--,the,nation,cannot,prosper,long,when,it,favors,only,the,prosperous,.,,,,,,,,,,,,,,,,,,,,,,,,,,,,,,,,,,,,,,
Obama,0,19,1,The,success,of,our,economy,has,always,depended,not,just,on,the,size,of,our,Gross,Domestic,Product,",",but,on,the,reach,of,our,prosperity,;,on,the,ability,to,extend,opportunity,to,every,willing,heart,--,not,out,of,charity,",",but,because,it,is,the,surest,route,to,our,common,good,.,,,,,,,,,,,,,,,,,,,,,,,,,,,,,,,,,,,,,,,,,,,
Obama,0,20,0,As,for,our,common,defense,",",we,reject,as,false,the,choice,between,our,safety,and,our,ideals,.,,,,,,,,,,,,,,,,,,,,,,,,,,,,,,,,,,,,,,,,,,,,,,,,,,,,,,,,,,,,,,,,,,,,,,,,,,,,,,,
Obama,0,20,1,Our,Founding,Fathers,",",faced,with,perils,that,we,can,scarcely,imagine,",",drafted,a,charter,to,assure,the,rule,of,law,and,the,rights,of,man,",",a,charter,expanded,by,the,blood,of,generations,.,,,,,,,,,,,,,,,,,,,,,,,,,,,,,,,,,,,,,,,,,,,,,,,,,,,,,,,,,,,,,
Obama,0,20,2,Those,ideals,still,light,the,world,",",and,we,will,not,give,them,up,for,expedience,',s,sake,.,,,,,,,,,,,,,,,,,,,,,,,,,,,,,,,,,,,,,,,,,,,,,,,,,,,,,,,,,,,,,,,,,,,,,,,,,,,,,,
Obama,0,20,3,And,so,to,all,the,other,peoples,and,governments,who,are,watching,today,",",from,the,grandest,capitals,to,the,small,village,where,my,father,was,born,:,know,that,America,is,a,friend,of,each,nation,and,every,man,",",woman,",",and,child,who,seeks,a,future,of,peace,and,dignity,",",and,we,are,ready,to,lead,once,more,.,,,,,,,,,,,,,,,,,,,,,,,,,,,,,,,,,,,
Obama,0,21,0,Recall,that,earlier,generations,faced,down,fascism,and,communism,not,just,with,missiles,and,tanks,",",but,with,the,sturdy,alliances,and,enduring,convictions,.,,,,,,,,,,,,,,,,,,,,,,,,,,,,,,,,,,,,,,,,,,,,,,,,,,,,,,,,,,,,,,,,,,,,,,,,,
Obama,0,21,1,They,understood,that,our,power,alone,cannot,protect,us,",",nor,does,it,entitle,us,to,do,as,we,please,.,,,,,,,,,,,,,,,,,,,,,,,,,,,,,,,,,,,,,,,,,,,,,,,,,,,,,,,,,,,,,,,,,,,,,,,,,,,,,
Obama,0,21,2,Instead,",",they,knew,that,our,power,grows,through,its,prudent,use,;,our,security,emanates,from,the,justness,of,our,cause,",",the,force,of,our,example,",",the,tempering,qualities,of,humility,and,restraint,.,,,,,,,,,,,,,,,,,,,,,,,,,,,,,,,,,,,,,,,,,,,,,,,,,,,,,,,,,,,,,
Obama,0,22,0,We,are,the,keepers,of,this,legacy,.,,,,,,,,,,,,,,,,,,,,,,,,,,,,,,,,,,,,,,,,,,,,,,,,,,,,,,,,,,,,,,,,,,,,,,,,,,,,,,,,,,,,,,,,,,
Obama,0,22,1,Guided,by,these,principles,once,more,",",we,can,meet,those,new,threats,that,demand,even,greater,effort,--,even,greater,cooperation,and,understanding,between,nations,.,,,,,,,,,,,,,,,,,,,,,,,,,,,,,,,,,,,,,,,,,,,,,,,,,,,,,,,,,,,,,,,,,,,,,,,
Obama,0,22,2,We,will,begin,to,responsibly,leave,Iraq,to,its,people,",",and,forge,a,hard,-,earned,peace,in,Afghanistan,.,,,,,,,,,,,,,,,,,,,,,,,,,,,,,,,,,,,,,,,,,,,,,,,,,,,,,,,,,,,,,,,,,,,,,,,,,,,,,
Obama,0,22,3,With,old,friends,and,former,foes,",",we,will,work,tirelessly,to,lessen,the,nuclear,threat,",",and,roll,back,the,specter,of,a,warming,planet,.,,,,,,,,,,,,,,,,,,,,,,,,,,,,,,,,,,,,,,,,,,,,,,,,,,,,,,,,,,,,,,,,,,,,,,,
Obama,0,22,4,We,will,not,apologize,for,our,way,of,life,",",nor,will,we,waver,in,its,defense,",",and,for,those,who,seek,to,advance,their,aims,by,inducing,terror,and,slaughtering,innocents,",",we,say,to,you,now,that,our,spirit,is,stronger,and,cannot,be,broken,;,you,cannot,outlast,us,",",and,we,will,defeat,you,.,,,,,,,,,,,,,,,,,,,,,,,,,,,,,,,,,,,,,,
Obama,0,23,0,For,we,know,that,our,patchwork,heritage,is,a,strength,",",not,a,weakness,.,,,,,,,,,,,,,,,,,,,,,,,,,,,,,,,,,,,,,,,,,,,,,,,,,,,,,,,,,,,,,,,,,,,,,,,,,,,,,,,,,,,
Obama,0,23,1,We,are,a,nation,of,Christians,and,Muslims,",",Jews,and,Hindus,--,and,non,-,believers,.,,,,,,,,,,,,,,,,,,,,,,,,,,,,,,,,,,,,,,,,,,,,,,,,,,,,,,,,,,,,,,,,,,,,,,,,,,,,,,,,
Obama,0,23,2,We,are,shaped,by,every,language,and,culture,",",drawn,from,every,end,of,this,Earth,;,and,because,we,have,tasted,the,bitter,swill,of,civil,war,and,segregation,",",and,emerged,from,that,dark,chapter,stronger,and,more,united,",",we,cannot,help,but,believe,that,the,old,hatreds,shall,someday,pass,;,that,the,lines,of,tribe,shall,soon,dissolve,;,that,as,the,world,grows,smaller,",",our,common,humanity,shall,reveal,itself,;,and,that,America,must,play,its,role,in,ushering,in,a,new,era,of,peace,.,,,,
Obama,0,24,0,To,the,Muslim,world,",",we,seek,a,new,way,forward,",",based,on,mutual,interest,and,mutual,respect,.,,,,,,,,,,,,,,,,,,,,,,,,,,,,,,,,,,,,,,,,,,,,,,,,,,,,,,,,,,,,,,,,,,,,,,,,,,,,,,
Obama,0,24,1,To,those,leaders,around,the,globe,who,seek,to,sow,conflict,",",or,blame,their,society,',s,ills,on,the,West,--,know,that,your,people,will,judge,you,on,what,you,can,build,",",not,what,you,destroy,.,,,,,,,,,,,,,,,,,,,,,,,,,,,,,,,,,,,,,,,,,,,,,,,,,,,,,,,,,
Obama,0,24,2,To,those,who,cling,to,power,through,corruption,and,deceit,and,the,silencing,of,dissent,",",know,that,you,are,on,the,wrong,side,of,history,;,but,that,we,will,extend,a,hand,if,you,are,willing,to,unclench,your,fist,.,,,,,,,,,,,,,,,,,,,,,,,,,,,,,,,,,,,,,,,,,,,,,,,,,,,,,,,
Obama,0,25,0,To,the,people,of,poor,nations,",",we,pledge,to,work,alongside,you,to,make,your,farms,flourish,and,let,clean,waters,flow,;,to,nourish,starved,bodies,and,feed,hungry,minds,.,,,,,,,,,,,,,,,,,,,,,,,,,,,,,,,,,,,,,,,,,,,,,,,,,,,,,,,,,,,,,,,,,
Obama,0,25,1,And,to,those,nations,like,ours,that,enjoy,relative,plenty,",",we,say,we,can,no,longer,afford,indifference,to,the,suffering,outside,our,borders,;,nor,can,we,consume,the,world,',s,resources,without,regard,to,effect,.,,,,,,,,,,,,,,,,,,,,,,,,,,,,,,,,,,,,,,,,,,,,,,,,,,,,,,,,,,
Obama,0,25,2,For,the,world,has,changed,",",and,we,must,change,with,it,.,,,,,,,,,,,,,,,,,,,,,,,,,,,,,,,,,,,,,,,,,,,,,,,,,,,,,,,,,,,,,,,,,,,,,,,,,,,,,,,,,,,,,
Obama,0,26,0,As,we,consider,the,road,that,unfolds,before,us,",",we,remember,with,humble,gratitude,those,brave,Americans,who,",",at,this,very,hour,",",patrol,far,-,off,deserts,and,distant,mountains,.,,,,,,,,,,,,,,,,,,,,,,,,,,,,,,,,,,,,,,,,,,,,,,,,,,,,,,,,,,,,,,,,
Obama,0,26,1,They,have,something,to,tell,us,",",just,as,the,fallen,heroes,who,lie,in,Arlington,whisper,through,the,ages,.,,,,,,,,,,,,,,,,,,,,,,,,,,,,,,,,,,,,,,,,,,,,,,,,,,,,,,,,,,,,,,,,,,,,,,,,,,,,,
Obama,0,26,2,We,honor,them,not,only,because,they,are,the,guardians,of,our,liberty,",",but,because,they,embody,the,spirit,of,service,;,a,willingness,to,find,meaning,in,something,greater,than,themselves,.,,,,,,,,,,,,,,,,,,,,,,,,,,,,,,,,,,,,,,,,,,,,,,,,,,,,,,,,,,,,,,,,
Obama,0,26,3,And,yet,",",at,this,moment,--,a,moment,that,will,define,a,generation,--,it,is,precisely,this,spirit,that,must,inhabit,us,all,.,,,,,,,,,,,,,,,,,,,,,,,,,,,,,,,,,,,,,,,,,,,,,,,,,,,,,,,,,,,,,,,,,,,,,,,,
Obama,0,27,0,For,as,much,as,government,can,do,and,must,do,",",it,is,ultimately,the,faith,and,determination,of,the,American,people,upon,which,this,nation,relies,.,,,,,,,,,,,,,,,,,,,,,,,,,,,,,,,,,,,,,,,,,,,,,,,,,,,,,,,,,,,,,,,,,,,,,,
Obama,0,27,1,It,is,the,kindness,to,take,in,a,stranger,when,the,levees,break,",",the,selflessness,of,workers,who,would,rather,cut,their,hours,than,see,a,friend,lose,their,job,which,sees,us,through,our,darkest,hours,.,,,,,,,,,,,,,,,,,,,,,,,,,,,,,,,,,,,,,,,,,,,,,,,,,,,,,,,,,,,
Obama,0,27,2,It,is,the,firefighter,',s,courage,to,storm,a,stairway,filled,with,smoke,",",but,also,a,parent,',s,willingness,to,nurture,a,child,",",that,finally,decides,our,fate,.,,,,,,,,,,,,,,,,,,,,,,,,,,,,,,,,,,,,,,,,,,,,,,,,,,,,,,,,,,,,,,,,,
Obama,0,28,0,Our,challenges,may,be,new,.,,,,,,,,,,,,,,,,,,,,,,,,,,,,,,,,,,,,,,,,,,,,,,,,,,,,,,,,,,,,,,,,,,,,,,,,,,,,,,,,,,,,,,,,,,,,
Obama,0,28,1,The,instruments,with,which,we,meet,them,may,be,new,.,,,,,,,,,,,,,,,,,,,,,,,,,,,,,,,,,,,,,,,,,,,,,,,,,,,,,,,,,,,,,,,,,,,,,,,,,,,,,,,,,,,,,,,
Obama,0,28,2,But,those,values,upon,which,our,success,depends,--,honesty,and,hard,work,",",courage,and,fair,play,",",tolerance,and,curiosity,",",loyalty,and,patriotism,--,these,things,are,old,.,,,,,,,,,,,,,,,,,,,,,,,,,,,,,,,,,,,,,,,,,,,,,,,,,,,,,,,,,,,,,,,,,,
Obama,0,28,3,These,things,are,true,.,,,,,,,,,,,,,,,,,,,,,,,,,,,,,,,,,,,,,,,,,,,,,,,,,,,,,,,,,,,,,,,,,,,,,,,,,,,,,,,,,,,,,,,,,,,,,
Obama,0,28,4,They,have,been,the,quiet,force,of,progress,throughout,our,history,.,,,,,,,,,,,,,,,,,,,,,,,,,,,,,,,,,,,,,,,,,,,,,,,,,,,,,,,,,,,,,,,,,,,,,,,,,,,,,,,,,,,,,,
Obama,0,28,5,What,is,demanded,then,is,a,return,to,these,truths,.,,,,,,,,,,,,,,,,,,,,,,,,,,,,,,,,,,,,,,,,,,,,,,,,,,,,,,,,,,,,,,,,,,,,,,,,,,,,,,,,,,,,,,,
Obama,0,28,6,What,is,required,of,us,now,is,a,new,era,of,responsibility,--,a,recognition,",",on,the,part,of,every,American,",",that,we,have,duties,to,ourselves,",",our,nation,",",and,the,world,",",duties,that,we,do,not,grudgingly,accept,but,rather,seize,gladly,",",firm,in,the,knowledge,that,there,is,nothing,so,satisfying,to,the,spirit,",",so,defining,of,our,character,",",than,giving,our,all,to,a,difficult,task,.,,,,,,,,,,,,,,,,,,,,
Obama,0,29,0,This,is,the,price,and,the,promise,of,citizenship,.,,,,,,,,,,,,,,,,,,,,,,,,,,,,,,,,,,,,,,,,,,,,,,,,,,,,,,,,,,,,,,,,,,,,,,,,,,,,,,,,,,,,,,,,
Obama,0,30,0,This,is,the,source,of,our,confidence,--,the,knowledge,that,God,calls,on,us,to,shape,an,uncertain,destiny,.,,,,,,,,,,,,,,,,,,,,,,,,,,,,,,,,,,,,,,,,,,,,,,,,,,,,,,,,,,,,,,,,,,,,,,,,,,,,,
Obama,0,31,0,This,is,the,meaning,of,our,liberty,and,our,creed,--,why,men,and,women,and,children,of,every,race,and,every,faith,can,join,in,celebration,across,this,magnificent,mall,",",and,why,a,man,whose,father,less,than,sixty,years,ago,might,not,have,been,served,at,a,local,restaurant,can,now,stand,before,you,to,take,a,most,sacred,oath,.,,,,,,,,,,,,,,,,,,,,,,,,,,,,,,,,,,
Obama,0,32,0,So,let,us,mark,this,day,with,remembrance,",",of,who,we,are,and,how,far,we,have,traveled,.,,,,,,,,,,,,,,,,,,,,,,,,,,,,,,,,,,,,,,,,,,,,,,,,,,,,,,,,,,,,,,,,,,,,,,,,,,,,,,
Obama,0,32,1,In,the,year,of,America,',s,birth,",",in,the,coldest,of,months,",",a,small,band,of,patriots,huddled,by,dying,campfires,on,the,shores,of,an,icy,river,.,,,,,,,,,,,,,,,,,,,,,,,,,,,,,,,,,,,,,,,,,,,,,,,,,,,,,,,,,,,,,,,,,,
Obama,0,32,2,The,capital,was,abandoned,.,,,,,,,,,,,,,,,,,,,,,,,,,,,,,,,,,,,,,,,,,,,,,,,,,,,,,,,,,,,,,,,,,,,,,,,,,,,,,,,,,,,,,,,,,,,,,
Obama,0,32,3,The,enemy,was,advancing,.,,,,,,,,,,,,,,,,,,,,,,,,,,,,,,,,,,,,,,,,,,,,,,,,,,,,,,,,,,,,,,,,,,,,,,,,,,,,,,,,,,,,,,,,,,,,,
Obama,0,32,4,The,snow,was,stained,with,blood,.,,,,,,,,,,,,,,,,,,,,,,,,,,,,,,,,,,,,,,,,,,,,,,,,,,,,,,,,,,,,,,,,,,,,,,,,,,,,,,,,,,,,,,,,,,,
Obama,0,32,5,At,a,moment,when,the,outcome,of,our,revolution,was,most,in,doubt,",",the,father,of,our,nation,ordered,these,words,be,read,to,the,people,:,,,,,,,,,,,,,,,,,,,,,,,,,,,,,,,,,,,,,,,,,,,,,,,,,,,,,,,,,,,,,,,,,,,,,,
Obama,0,33,0,"""",Let,it,be,told,to,the,future,world,...,that,in,the,depth,of,winter,",",when,nothing,but,hope,and,virtue,could,survive,...,that,the,city,and,the,country,",",alarmed,at,one,common,danger,",",came,forth,to,meet,...,,,,,,,,,,,,,,,,,,,,,,,,,,,,,,,,,,,,,,,,,,,,,,,,,,,,,,
Obama,0,33,1,it,".""",,,,,,,,,,,,,,,,,,,,,,,,,,,,,,,,,,,,,,,,,,,,,,,,,,,,,,,,,,,,,,,,,,,,,,,,,,,,,,,,,,,,,,,,,,,,,,,,
Obama,0,34,0,America,!,,,,,,,,,,,,,,,,,,,,,,,,,,,,,,,,,,,,,,,,,,,,,,,,,,,,,,,,,,,,,,,,,,,,,,,,,,,,,,,,,,,,,,,,,,,,,,,,
Obama,0,34,1,In,the,face,of,our,common,dangers,",",in,this,winter,of,our,hardship,",",let,us,remember,these,timeless,words,.,,,,,,,,,,,,,,,,,,,,,,,,,,,,,,,,,,,,,,,,,,,,,,,,,,,,,,,,,,,,,,,,,,,,,,,,,,,,
Obama,0,34,2,With,hope,and,virtue,",",let,us,brave,once,more,the,icy,currents,",",and,endure,what,storms,may,come,.,,,,,,,,,,,,,,,,,,,,,,,,,,,,,,,,,,,,,,,,,,,,,,,,,,,,,,,,,,,,,,,,,,,,,,,,,,,,,
Obama,0,34,3,Let,it,be,said,by,our,children,',s,children,that,when,we,were,tested,we,refused,to,let,this,journey,end,",",that,we,did,not,turn,back,nor,did,we,falter,;,and,with,eyes,fixed,on,the,horizon,and,God,',s,grace,upon,us,",",we,carried,forth,that,great,gift,of,freedom,and,delivered,it,safely,to,future,generations,.,,,,,,,,,,,,,,,,,,,,,,,,,,,,,,,,,
Obama,0,35,0,Thank,you,.,,,,,,,,,,,,,,,,,,,,,,,,,,,,,,,,,,,,,,,,,,,,,,,,,,,,,,,,,,,,,,,,,,,,,,,,,,,,,,,,,,,,,,,,,,,,,,,
Obama,0,35,1,God,bless,you,.,,,,,,,,,,,,,,,,,,,,,,,,,,,,,,,,,,,,,,,,,,,,,,,,,,,,,,,,,,,,,,,,,,,,,,,,,,,,,,,,,,,,,,,,,,,,,,
Obama,0,35,2,And,God,bless,the,United,States,of,America,.,,,,,,,,,,,,,,,,,,,,,,,,,,,,,,,,,,,,,,,,,,,,,,,,,,,,,,,,,,,,,,,,,,,,,,,,,,,,,,,,,,,,,,,,,
Obama,1,0,0,Thank,you,.,,,,,,,,,,,,,,,,,,,,,,,,,,,,,,,,,,,,,,,,,,,,,,,,,,,,,,,,,,,,,,,,,,,,,,,,,,,,,,,,,,,,,,,,,,,,,,,
Obama,1,0,1,Thank,you,so,much,.,,,,,,,,,,,,,,,,,,,,,,,,,,,,,,,,,,,,,,,,,,,,,,,,,,,,,,,,,,,,,,,,,,,,,,,,,,,,,,,,,,,,,,,,,,,,,
Obama,1,1,0,Vice,President,Biden,",",Mr,.,Chief,Justice,",",Members,of,the,United,States,Congress,",",distinguished,guests,",",and,fellow,citizens,:,,,,,,,,,,,,,,,,,,,,,,,,,,,,,,,,,,,,,,,,,,,,,,,,,,,,,,,,,,,,,,,,,,,,,,,,,,,
Obama,1,2,0,Each,time,we,gather,to,inaugurate,a,President,we,bear,witness,to,the,enduring,strength,of,our,Constitution,.,,,,,,,,,,,,,,,,,,,,,,,,,,,,,,,,,,,,,,,,,,,,,,,,,,,,,,,,,,,,,,,,,,,,,,,,,,,,,,,
Obama,1,2,1,We,affirm,the,promise,of,our,democracy,.,,,,,,,,,,,,,,,,,,,,,,,,,,,,,,,,,,,,,,,,,,,,,,,,,,,,,,,,,,,,,,,,,,,,,,,,,,,,,,,,,,,,,,,,,,
Obama,1,2,2,We,recall,that,what,binds,this,Nation,together,is,not,the,colors,of,our,skin,or,the,tenets,of,our,faith,or,the,origins,of,our,names,.,,,,,,,,,,,,,,,,,,,,,,,,,,,,,,,,,,,,,,,,,,,,,,,,,,,,,,,,,,,,,,,,,,,,,,
Obama,1,2,3,What,makes,us,exceptionalâ,,what,makes,us,Americanâ,,is,our,allegiance,to,an,idea,articulated,in,a,declaration,made,more,than,two,centuries,ago,:,,,,,,,,,,,,,,,,,,,,,,,,,,,,,,,,,,,,,,,,,,,,,,,,,,,,,,,,,,,,,,,,,,,,,,,
Obama,1,3,0,We,hold,these,truths,to,be,self,-,evident,",",that,all,men,are,created,equal,;,that,they,are,endowed,by,their,Creator,with,certain,unalienable,rights,;,that,among,these,are,life,",",liberty,",",and,the,pursuit,of,happiness,.,,,,,,,,,,,,,,,,,,,,,,,,,,,,,,,,,,,,,,,,,,,,,,,,,,,,,,,
Obama,1,4,0,Today,we,continue,a,never,-,ending,journey,to,bridge,the,meaning,of,those,words,with,the,realities,of,our,time,.,,,,,,,,,,,,,,,,,,,,,,,,,,,,,,,,,,,,,,,,,,,,,,,,,,,,,,,,,,,,,,,,,,,,,,,,,,,,
Obama,1,4,1,For,history,tells,us,that,while,these,truths,may,be,self,-,evident,",",they,',ve,never,been,self,-,executing,;,that,while,freedom,is,a,gift,from,God,",",it,must,be,secured,by,His,people,here,on,Earth,.,,,,,,,,,,,,,,,,,,,,,,,,,,,,,,,,,,,,,,,,,,,,,,,,,,,,,,,
Obama,1,4,2,The,patriots,of,1776,did,not,fight,to,replace,the,tyranny,of,a,king,with,the,privileges,of,a,few,or,the,rule,of,a,mob,.,,,,,,,,,,,,,,,,,,,,,,,,,,,,,,,,,,,,,,,,,,,,,,,,,,,,,,,,,,,,,,,,,,,,,,,
Obama,1,4,3,They,gave,to,us,a,republic,",",a,government,of,and,by,and,for,the,people,",",entrusting,each,generation,to,keep,safe,our,founding,creed,.,,,,,,,,,,,,,,,,,,,,,,,,,,,,,,,,,,,,,,,,,,,,,,,,,,,,,,,,,,,,,,,,,,,,,,,
Obama,1,5,0,And,for,more,than,200,years,",",we,have,.,,,,,,,,,,,,,,,,,,,,,,,,,,,,,,,,,,,,,,,,,,,,,,,,,,,,,,,,,,,,,,,,,,,,,,,,,,,,,,,,,,,,,,,,
Obama,1,6,0,Through,blood,drawn,by,lash,and,blood,drawn,by,sword,",",we,learned,that,no,union,founded,on,the,principles,of,liberty,and,equality,could,survive,half,-,slave,and,half,-,free,.,,,,,,,,,,,,,,,,,,,,,,,,,,,,,,,,,,,,,,,,,,,,,,,,,,,,,,,,,,,,,,,,
Obama,1,6,1,We,made,ourselves,anew,",",and,vowed,to,move,forward,together,.,,,,,,,,,,,,,,,,,,,,,,,,,,,,,,,,,,,,,,,,,,,,,,,,,,,,,,,,,,,,,,,,,,,,,,,,,,,,,,,,,,,,,,
Obama,1,7,0,Together,",",we,determined,that,a,modern,economy,requires,railroads,and,highways,to,speed,travel,and,commerce,",",schools,and,colleges,to,train,our,workers,.,,,,,,,,,,,,,,,,,,,,,,,,,,,,,,,,,,,,,,,,,,,,,,,,,,,,,,,,,,,,,,,,,,,,,,,,
Obama,1,8,0,Together,",",we,discovered,that,a,free,market,only,thrives,when,there,are,rules,to,ensure,competition,and,fair,play,.,,,,,,,,,,,,,,,,,,,,,,,,,,,,,,,,,,,,,,,,,,,,,,,,,,,,,,,,,,,,,,,,,,,,,,,,,,,,,
Obama,1,9,0,Together,",",we,resolved,that,a,great,nation,must,care,for,the,vulnerable,and,protect,its,people,from,life,',s,worst,hazards,and,misfortune,.,,,,,,,,,,,,,,,,,,,,,,,,,,,,,,,,,,,,,,,,,,,,,,,,,,,,,,,,,,,,,,,,,,,,,,,,
Obama,1,10,0,Through,it,all,",",we,have,never,relinquished,our,skepticism,of,central,authority,nor,have,we,succumbed,to,the,fiction,that,all,society,',s,ills,can,be,cured,through,government,alone,.,,,,,,,,,,,,,,,,,,,,,,,,,,,,,,,,,,,,,,,,,,,,,,,,,,,,,,,,,,,,,,,,,
Obama,1,10,1,Our,celebration,of,initiative,and,enterprise,",",our,insistence,on,hard,work,and,personal,responsibility,",",these,are,constants,in,our,character,.,,,,,,,,,,,,,,,,,,,,,,,,,,,,,,,,,,,,,,,,,,,,,,,,,,,,,,,,,,,,,,,,,,,,,,,,,,,
Obama,1,11,0,But,we,have,always,understood,that,when,times,change,",",so,must,we,;,that,fidelity,to,our,founding,principles,requires,new,responses,to,new,challenges,;,that,preserving,our,individual,freedoms,ultimately,requires,collective,action,.,,,,,,,,,,,,,,,,,,,,,,,,,,,,,,,,,,,,,,,,,,,,,,,,,,,,,,,,,,,,,
Obama,1,11,1,For,the,American,people,can,no,more,meet,the,demands,of,today,',s,world,by,acting,alone,than,American,soldiers,could,have,met,the,forces,of,fascism,or,communism,with,muskets,and,militias,.,,,,,,,,,,,,,,,,,,,,,,,,,,,,,,,,,,,,,,,,,,,,,,,,,,,,,,,,,,,,,,,
Obama,1,11,2,No,single,person,can,train,all,the,math,and,science,teachers,we,',ll,need,to,equip,our,children,for,the,future,",",or,build,the,roads,and,networks,and,research,labs,that,will,bring,new,jobs,and,businesses,to,our,shores,.,,,,,,,,,,,,,,,,,,,,,,,,,,,,,,,,,,,,,,,,,,,,,,,,,,,,,,,
Obama,1,11,3,Now,more,than,ever,",",we,must,do,these,things,together,",",as,one,nation,and,one,people,.,,,,,,,,,,,,,,,,,,,,,,,,,,,,,,,,,,,,,,,,,,,,,,,,,,,,,,,,,,,,,,,,,,,,,,,,,,,,,,,
Obama,1,12,0,This,generation,of,Americans,has,been,tested,by,crises,that,steeled,our,resolve,and,proved,our,resilience,.,,,,,,,,,,,,,,,,,,,,,,,,,,,,,,,,,,,,,,,,,,,,,,,,,,,,,,,,,,,,,,,,,,,,,,,,,,,,,,,,
Obama,1,12,1,A,decade,of,war,is,now,ending,.,,,,,,,,,,,,,,,,,,,,,,,,,,,,,,,,,,,,,,,,,,,,,,,,,,,,,,,,,,,,,,,,,,,,,,,,,,,,,,,,,,,,,,,,,,
Obama,1,12,2,An,economic,recovery,has,begun,.,,,,,,,,,,,,,,,,,,,,,,,,,,,,,,,,,,,,,,,,,,,,,,,,,,,,,,,,,,,,,,,,,,,,,,,,,,,,,,,,,,,,,,,,,,,,
Obama,1,12,3,America,',s,possibilities,are,limitless,",",for,we,possess,all,the,qualities,that,this,world,without,boundaries,demands,:,youth,and,drive,;,diversity,and,openness,;,an,endless,capacity,for,risk,and,a,gift,for,reinvention,.,,,,,,,,,,,,,,,,,,,,,,,,,,,,,,,,,,,,,,,,,,,,,,,,,,,,,,,,,,,
Obama,1,12,4,My,fellow,Americans,",",we,are,made,for,this,moment,and,we,will,seize,itâ,,so,long,as,we,seize,it,together,.,,,,,,,,,,,,,,,,,,,,,,,,,,,,,,,,,,,,,,,,,,,,,,,,,,,,,,,,,,,,,,,,,,,,,,,,,,
Obama,1,13,0,For,we,",",the,people,",",understand,that,our,country,cannot,succeed,when,a,shrinking,few,do,very,well,and,a,growing,many,barely,make,it,.,,,,,,,,,,,,,,,,,,,,,,,,,,,,,,,,,,,,,,,,,,,,,,,,,,,,,,,,,,,,,,,,,,,,,,,
Obama,1,13,1,We,believe,that,America,',s,prosperity,must,rest,upon,the,broad,shoulders,of,a,rising,middle,class,.,,,,,,,,,,,,,,,,,,,,,,,,,,,,,,,,,,,,,,,,,,,,,,,,,,,,,,,,,,,,,,,,,,,,,,,,,,,,,,,
Obama,1,13,2,We,know,that,America,thrives,when,every,person,can,find,independence,and,pride,in,their,work,;,when,the,wages,of,honest,labor,liberate,families,from,the,brink,of,hardship,.,,,,,,,,,,,,,,,,,,,,,,,,,,,,,,,,,,,,,,,,,,,,,,,,,,,,,,,,,,,,,,,,,,,
Obama,1,13,3,We,are,true,to,our,creed,when,a,little,girl,born,into,the,bleakest,poverty,knows,that,she,has,the,same,chance,to,succeed,as,anybody,else,",",because,she,is,an,American,;,she,is,free,and,she,is,equal,",",not,just,in,the,eyes,of,God,",",but,also,in,our,own,.,,,,,,,,,,,,,,,,,,,,,,,,,,,,,,,,,,,,,,,,,,
Obama,1,14,0,We,understand,that,outworn,programs,are,inadequate,to,the,needs,of,our,time,.,,,,,,,,,,,,,,,,,,,,,,,,,,,,,,,,,,,,,,,,,,,,,,,,,,,,,,,,,,,,,,,,,,,,,,,,,,,,,,,,,,,,
Obama,1,14,1,So,we,must,harness,new,ideas,and,technology,to,remake,our,government,",",revamp,our,Tax,Code,",",reform,our,schools,",",and,empower,our,citizens,with,the,skills,they,need,to,work,harder,",",learn,more,",",reach,higher,.,,,,,,,,,,,,,,,,,,,,,,,,,,,,,,,,,,,,,,,,,,,,,,,,,,,,,,,,,
Obama,1,14,2,But,while,the,means,will,change,",",our,purpose,endures,:,a,nation,that,rewards,the,effort,and,determination,of,every,single,American,.,,,,,,,,,,,,,,,,,,,,,,,,,,,,,,,,,,,,,,,,,,,,,,,,,,,,,,,,,,,,,,,,,,,,,,,,,,
Obama,1,14,3,That,is,what,this,moment,requires,.,,,,,,,,,,,,,,,,,,,,,,,,,,,,,,,,,,,,,,,,,,,,,,,,,,,,,,,,,,,,,,,,,,,,,,,,,,,,,,,,,,,,,,,,,,,
Obama,1,14,4,That,is,what,will,give,real,meaning,to,our,creed,.,,,,,,,,,,,,,,,,,,,,,,,,,,,,,,,,,,,,,,,,,,,,,,,,,,,,,,,,,,,,,,,,,,,,,,,,,,,,,,,,,,,,,,,
Obama,1,15,0,We,",",the,people,",",still,believe,that,every,citizen,deserves,a,basic,measure,of,security,and,dignity,.,,,,,,,,,,,,,,,,,,,,,,,,,,,,,,,,,,,,,,,,,,,,,,,,,,,,,,,,,,,,,,,,,,,,,,,,,,,,,,,
Obama,1,15,1,We,must,make,the,hard,choices,to,reduce,the,cost,of,health,care,and,the,size,of,our,deficit,.,,,,,,,,,,,,,,,,,,,,,,,,,,,,,,,,,,,,,,,,,,,,,,,,,,,,,,,,,,,,,,,,,,,,,,,,,,,,,,
Obama,1,15,2,But,we,reject,the,belief,that,America,must,choose,between,caring,for,the,generation,that,built,this,country,and,investing,in,the,generation,that,will,build,its,future,.,,,,,,,,,,,,,,,,,,,,,,,,,,,,,,,,,,,,,,,,,,,,,,,,,,,,,,,,,,,,,,,,,,,,,
Obama,1,15,3,For,we,remember,the,lessons,of,our,past,",",when,twilight,years,were,spent,in,poverty,and,parents,of,a,child,with,a,disability,had,nowhere,to,turn,.,,,,,,,,,,,,,,,,,,,,,,,,,,,,,,,,,,,,,,,,,,,,,,,,,,,,,,,,,,,,,,,,,,,,,
Obama,1,16,0,We,do,not,believe,that,in,this,country,freedom,is,reserved,for,the,lucky,",",or,happiness,for,the,few,.,,,,,,,,,,,,,,,,,,,,,,,,,,,,,,,,,,,,,,,,,,,,,,,,,,,,,,,,,,,,,,,,,,,,,,,,,,,,,
Obama,1,16,1,We,recognize,that,no,matter,how,responsibly,we,live,our,lives,",",any,one,of,us,at,any,time,may,face,a,job,loss,or,a,sudden,illness,or,a,home,swept,away,in,a,terrible,storm,.,,,,,,,,,,,,,,,,,,,,,,,,,,,,,,,,,,,,,,,,,,,,,,,,,,,,,,,,,,,,
Obama,1,16,2,The,commitments,we,make,to,each,other,through,Medicare,and,Medicaid,and,Social,Security,",",these,things,do,not,sap,our,initiative,",",they,strengthen,us,.,,,,,,,,,,,,,,,,,,,,,,,,,,,,,,,,,,,,,,,,,,,,,,,,,,,,,,,,,,,,,,,,,,,,,,,
Obama,1,16,3,They,do,not,make,us,a,nation,of,takers,;,they,free,us,to,take,the,risks,that,make,this,country,great,.,,,,,,,,,,,,,,,,,,,,,,,,,,,,,,,,,,,,,,,,,,,,,,,,,,,,,,,,,,,,,,,,,,,,,,,,,,,
Obama,1,17,0,We,",",the,people,",",still,believe,that,our,obligations,as,Americans,are,not,just,to,ourselves,",",but,to,all,posterity,.,,,,,,,,,,,,,,,,,,,,,,,,,,,,,,,,,,,,,,,,,,,,,,,,,,,,,,,,,,,,,,,,,,,,,,,,,,,
Obama,1,17,1,We,will,respond,to,the,threat,of,climate,change,",",knowing,that,the,failure,to,do,so,would,betray,our,children,and,future,generations,.,,,,,,,,,,,,,,,,,,,,,,,,,,,,,,,,,,,,,,,,,,,,,,,,,,,,,,,,,,,,,,,,,,,,,,,,,
Obama,1,17,2,Some,may,still,deny,the,overwhelming,judgment,of,science,",",but,none,can,avoid,the,devastating,impact,of,raging,fires,and,crippling,drought,and,more,powerful,storms,.,,,,,,,,,,,,,,,,,,,,,,,,,,,,,,,,,,,,,,,,,,,,,,,,,,,,,,,,,,,,,,,,,,,,,,
Obama,1,18,0,The,path,towards,sustainable,energy,sources,will,be,long,and,sometimes,difficult,.,,,,,,,,,,,,,,,,,,,,,,,,,,,,,,,,,,,,,,,,,,,,,,,,,,,,,,,,,,,,,,,,,,,,,,,,,,,,,,,,,,,,,
Obama,1,18,1,But,America,cannot,resist,this,transition,",",we,must,lead,it,.,,,,,,,,,,,,,,,,,,,,,,,,,,,,,,,,,,,,,,,,,,,,,,,,,,,,,,,,,,,,,,,,,,,,,,,,,,,,,,,,,,,,,,
Obama,1,18,2,We,cannot,cede,to,other,nations,the,technology,that,will,power,new,jobs,and,new,industries,",",we,must,claim,its,promise,.,,,,,,,,,,,,,,,,,,,,,,,,,,,,,,,,,,,,,,,,,,,,,,,,,,,,,,,,,,,,,,,,,,,,,,,,,,,
Obama,1,18,3,That,',s,how,we,will,maintain,our,economic,vitality,and,our,national,treasureâ,,our,forests,and,waterways,",",our,crop,lands,and,snow,-,capped,peaks,.,,,,,,,,,,,,,,,,,,,,,,,,,,,,,,,,,,,,,,,,,,,,,,,,,,,,,,,,,,,,,,,,,,,,,
Obama,1,18,4,That,is,how,we,will,preserve,our,planet,",",commanded,to,our,care,by,God,.,,,,,,,,,,,,,,,,,,,,,,,,,,,,,,,,,,,,,,,,,,,,,,,,,,,,,,,,,,,,,,,,,,,,,,,,,,,,,,,,,,
Obama,1,18,5,That,',s,what,will,lend,meaning,to,the,creed,our,fathers,once,declared,.,,,,,,,,,,,,,,,,,,,,,,,,,,,,,,,,,,,,,,,,,,,,,,,,,,,,,,,,,,,,,,,,,,,,,,,,,,,,,,,,,,,
Obama,1,19,0,We,",",the,people,",",still,believe,that,enduring,security,and,lasting,peace,do,not,require,perpetual,war,.,,,,,,,,,,,,,,,,,,,,,,,,,,,,,,,,,,,,,,,,,,,,,,,,,,,,,,,,,,,,,,,,,,,,,,,,,,,,,,,
Obama,1,19,1,Our,brave,men,and,women,in,uniform,",",tempered,by,the,flames,of,battle,",",are,unmatched,in,skill,and,courage,.,,,,,,,,,,,,,,,,,,,,,,,,,,,,,,,,,,,,,,,,,,,,,,,,,,,,,,,,,,,,,,,,,,,,,,,,,,,,
Obama,1,19,2,Our,citizens,",",seared,by,the,memory,of,those,we,have,lost,",",know,too,well,the,price,that,is,paid,for,liberty,.,,,,,,,,,,,,,,,,,,,,,,,,,,,,,,,,,,,,,,,,,,,,,,,,,,,,,,,,,,,,,,,,,,,,,,,,,,
Obama,1,19,3,The,knowledge,of,their,sacrifice,will,keep,us,forever,vigilant,against,those,who,would,do,us,harm,.,,,,,,,,,,,,,,,,,,,,,,,,,,,,,,,,,,,,,,,,,,,,,,,,,,,,,,,,,,,,,,,,,,,,,,,,,,,,,,,,
Obama,1,19,4,But,we,are,also,heirs,to,those,who,won,the,peace,and,not,just,the,war,;,who,turned,sworn,enemies,into,the,surest,of,friendsâ,,and,we,must,carry,those,lessons,into,this,time,as,well,.,,,,,,,,,,,,,,,,,,,,,,,,,,,,,,,,,,,,,,,,,,,,,,,,,,,,,,,,,,,
Obama,1,20,0,We,will,defend,our,people,and,uphold,our,values,through,strength,of,arms,and,rule,of,law,.,,,,,,,,,,,,,,,,,,,,,,,,,,,,,,,,,,,,,,,,,,,,,,,,,,,,,,,,,,,,,,,,,,,,,,,,,,,,,,,,
Obama,1,20,1,We,will,show,the,courage,to,try,and,resolve,our,differences,with,other,nations,peacefullyâ,,not,because,we,are,naive,about,the,dangers,we,face,",",but,because,engagement,can,more,durably,lift,suspicion,and,fear,.,,,,,,,,,,,,,,,,,,,,,,,,,,,,,,,,,,,,,,,,,,,,,,,,,,,,,,,,,,,,
Obama,1,21,0,America,will,remain,the,anchor,of,strong,alliances,in,every,corner,of,the,globe,.,,,,,,,,,,,,,,,,,,,,,,,,,,,,,,,,,,,,,,,,,,,,,,,,,,,,,,,,,,,,,,,,,,,,,,,,,,,,,,,,,,,
Obama,1,21,1,And,we,will,renew,those,institutions,that,extend,our,capacity,to,manage,crisis,abroad,",",for,no,one,has,a,greater,stake,in,a,peaceful,world,than,its,most,powerful,nation,.,,,,,,,,,,,,,,,,,,,,,,,,,,,,,,,,,,,,,,,,,,,,,,,,,,,,,,,,,,,,,,,,,,
Obama,1,21,2,We,will,support,democracy,from,Asia,to,Africa,",",from,the,Americas,to,the,Middle,East,",",because,our,interests,and,our,conscience,compel,us,to,act,on,behalf,of,those,who,long,for,freedom,.,,,,,,,,,,,,,,,,,,,,,,,,,,,,,,,,,,,,,,,,,,,,,,,,,,,,,,,,,,,,,,
Obama,1,21,3,And,we,must,be,a,source,of,hope,to,the,poor,",",the,sick,",",the,marginalized,",",the,victims,of,prejudiceâ,,not,out,of,mere,charity,",",but,because,peace,in,our,time,requires,the,constant,advance,of,those,principles,that,our,common,creed,describes,:,tolerance,and,opportunity,",",human,dignity,and,justice,.,,,,,,,,,,,,,,,,,,,,,,,,,,,,,,,,,,,,,,,,,
Obama,1,22,0,We,",",the,people,",",declare,today,that,the,most,evident,of,truthsâ,,that,all,of,us,are,created,equalâ,,is,the,star,that,guides,us,still,;,just,as,it,guided,our,forebears,through,Seneca,Falls,and,Selma,and,Stonewall,;,just,as,it,guided,all,those,men,and,women,",",sung,and,unsung,",",who,left,footprints,along,this,great,Mall,",",to,hear,a,preacher,say,that,we,cannot,walk,alone,;,to,hear,a,King,proclaim,that,our,individual,freedom,is,inextricably,bound,to,the,freedom,of,every,soul,on,Earth,.
Obama,1,23,0,It,is,now,our,generation,',s,task,to,carry,on,what,those,pioneers,began,.,,,,,,,,,,,,,,,,,,,,,,,,,,,,,,,,,,,,,,,,,,,,,,,,,,,,,,,,,,,,,,,,,,,,,,,,,,,,,,,,,,
Obama,1,23,1,For,our,journey,is,not,complete,until,our,wives,",",our,mothers,and,daughters,can,earn,a,living,equal,to,their,efforts,.,,,,,,,,,,,,,,,,,,,,,,,,,,,,,,,,,,,,,,,,,,,,,,,,,,,,,,,,,,,,,,,,,,,,,,,,,,,
Obama,1,23,2,Our,journey,is,not,complete,until,our,gay,brothers,and,sisters,are,treated,like,anyone,else,under,the,lawâ,,for,if,we,are,truly,created,equal,",",then,surely,the,love,we,commit,to,one,another,must,be,equal,as,well,.,,,,,,,,,,,,,,,,,,,,,,,,,,,,,,,,,,,,,,,,,,,,,,,,,,,,,,,
Obama,1,23,3,Our,journey,is,not,complete,until,no,citizen,is,forced,to,wait,for,hours,to,exercise,the,right,to,vote,.,,,,,,,,,,,,,,,,,,,,,,,,,,,,,,,,,,,,,,,,,,,,,,,,,,,,,,,,,,,,,,,,,,,,,,,,,,,,,
Obama,1,23,4,Our,journey,is,not,complete,until,we,find,a,better,way,to,welcome,the,striving,",",hopeful,immigrants,who,still,see,America,as,a,land,of,opportunityâ,,until,bright,young,students,and,engineers,are,enlisted,in,our,workforce,rather,than,expelled,from,our,country,.,,,,,,,,,,,,,,,,,,,,,,,,,,,,,,,,,,,,,,,,,,,,,,,,,,,,
Obama,1,23,5,Our,journey,is,not,complete,until,all,our,children,",",from,the,streets,of,Detroit,to,the,hills,of,Appalachia,",",to,the,quiet,lanes,of,Newtown,",",know,that,they,are,cared,for,and,cherished,and,always,safe,from,harm,.,,,,,,,,,,,,,,,,,,,,,,,,,,,,,,,,,,,,,,,,,,,,,,,,,,,,,,,,
Obama,1,24,0,That,is,our,generation,',s,taskâ,,to,make,these,words,",",these,rights,",",these,values,of,life,and,liberty,and,the,pursuit,of,happiness,real,for,every,American,.,,,,,,,,,,,,,,,,,,,,,,,,,,,,,,,,,,,,,,,,,,,,,,,,,,,,,,,,,,,,,,,,,,
Obama,1,24,1,Being,true,to,our,founding,documents,does,not,require,us,to,agree,on,every,contour,of,life,.,,,,,,,,,,,,,,,,,,,,,,,,,,,,,,,,,,,,,,,,,,,,,,,,,,,,,,,,,,,,,,,,,,,,,,,,,,,,,,,,
Obama,1,24,2,It,does,not,mean,we,all,define,liberty,in,exactly,the,same,way,or,follow,the,same,precise,path,to,happiness,.,,,,,,,,,,,,,,,,,,,,,,,,,,,,,,,,,,,,,,,,,,,,,,,,,,,,,,,,,,,,,,,,,,,,,,,,,,,,
Obama,1,24,3,Progress,does,not,compel,us,to,settle,centuries,-,long,debates,about,the,role,of,government,for,all,time,",",but,it,does,require,us,to,act,in,our,time,.,,,,,,,,,,,,,,,,,,,,,,,,,,,,,,,,,,,,,,,,,,,,,,,,,,,,,,,,,,,,,,,,,,,
Obama,1,25,0,For,now,decisions,are,upon,us,and,we,cannot,afford,delay,.,,,,,,,,,,,,,,,,,,,,,,,,,,,,,,,,,,,,,,,,,,,,,,,,,,,,,,,,,,,,,,,,,,,,,,,,,,,,,,,,,,,,,,
Obama,1,25,1,We,cannot,mistake,absolutism,for,principle,or,substitute,spectacle,for,politics,or,treat,name,-,calling,as,reasoned,debate,.,,,,,,,,,,,,,,,,,,,,,,,,,,,,,,,,,,,,,,,,,,,,,,,,,,,,,,,,,,,,,,,,,,,,,,,,,,,,,,
Obama,1,25,2,We,must,act,",",knowing,that,our,work,will,be,imperfect,.,,,,,,,,,,,,,,,,,,,,,,,,,,,,,,,,,,,,,,,,,,,,,,,,,,,,,,,,,,,,,,,,,,,,,,,,,,,,,,,,,,,,,,
Obama,1,25,3,We,must,act,",",we,must,act,knowing,that,today,',s,victories,will,be,only,partial,and,that,it,will,be,up,to,those,who,stand,here,in,4,years,and,40,years,and,400,years,hence,to,advance,the,timeless,spirit,once,conferred,to,us,in,a,spare,Philadelphia,hall,.,,,,,,,,,,,,,,,,,,,,,,,,,,,,,,,,,,,,,,,,,,,,,
Obama,1,26,0,My,fellow,Americans,",",the,oath,I,have,sworn,before,you,today,",",like,the,one,recited,by,others,who,serve,in,this,Capitol,",",was,an,oath,to,God,and,country,",",not,party,or,faction,.,,,,,,,,,,,,,,,,,,,,,,,,,,,,,,,,,,,,,,,,,,,,,,,,,,,,,,,,,,,,
Obama,1,26,1,And,we,must,faithfully,execute,that,pledge,during,the,duration,of,our,service,.,,,,,,,,,,,,,,,,,,,,,,,,,,,,,,,,,,,,,,,,,,,,,,,,,,,,,,,,,,,,,,,,,,,,,,,,,,,,,,,,,,,,
Obama,1,26,2,But,the,words,I,spoke,today,are,not,so,different,from,the,oath,that,is,taken,each,time,a,soldier,signs,up,for,duty,or,an,immigrant,realizes,her,dream,.,,,,,,,,,,,,,,,,,,,,,,,,,,,,,,,,,,,,,,,,,,,,,,,,,,,,,,,,,,,,,,,,,,,
Obama,1,26,3,My,oath,is,not,so,different,from,the,pledge,we,all,make,to,the,flag,that,waves,above,and,that,fills,our,hearts,with,pride,.,,,,,,,,,,,,,,,,,,,,,,,,,,,,,,,,,,,,,,,,,,,,,,,,,,,,,,,,,,,,,,,,,,,,,,,,
Obama,1,27,0,They,are,the,words,of,citizens,and,they,represent,our,greatest,hope,.,,,,,,,,,,,,,,,,,,,,,,,,,,,,,,,,,,,,,,,,,,,,,,,,,,,,,,,,,,,,,,,,,,,,,,,,,,,,,,,,,,,,,
Obama,1,27,1,You,and,I,",",as,citizens,",",have,the,power,to,set,this,country,',s,course,.,,,,,,,,,,,,,,,,,,,,,,,,,,,,,,,,,,,,,,,,,,,,,,,,,,,,,,,,,,,,,,,,,,,,,,,,,,,,,,,,
Obama,1,27,2,You,and,I,",",as,citizens,",",have,the,obligation,to,shape,the,debates,of,our,timeâ,,not,only,with,the,votes,we,cast,",",but,with,the,voices,we,lift,in,defense,of,our,most,ancient,values,and,enduring,ideals,.,,,,,,,,,,,,,,,,,,,,,,,,,,,,,,,,,,,,,,,,,,,,,,,,,,,,,,,
Obama,1,28,0,Let,us,",",each,of,us,",",now,embrace,with,solemn,duty,and,awesome,joy,what,is,our,lasting,birthright,.,,,,,,,,,,,,,,,,,,,,,,,,,,,,,,,,,,,,,,,,,,,,,,,,,,,,,,,,,,,,,,,,,,,,,,,,,,,,,
Obama,1,28,1,With,common,effort,and,common,purpose,",",with,passion,and,dedication,",",let,us,answer,the,call,of,history,and,carry,into,an,uncertain,future,that,precious,light,of,freedom,.,,,,,,,,,,,,,,,,,,,,,,,,,,,,,,,,,,,,,,,,,,,,,,,,,,,,,,,,,,,,,,,,,,,
Obama,1,29,0,Thank,you,.,,,,,,,,,,,,,,,,,,,,,,,,,,,,,,,,,,,,,,,,,,,,,,,,,,,,,,,,,,,,,,,,,,,,,,,,,,,,,,,,,,,,,,,,,,,,,,,
Obama,1,29,1,God,bless,you,",",and,may,He,forever,bless,these,United,States,of,America,.,,,,,,,,,,,,,,,,,,,,,,,,,,,,,,,,,,,,,,,,,,,,,,,,,,,,,,,,,,,,,,,,,,,,,,,,,,,,,,,,,,,
